Doc_ID,TAGS,CLASS
1,"DT,NNP,NNP,NNP,VBZ,JJ,TO,PRP,VBZ,IN,CD,EX,VBP,JJ,JJ,NNS,IN,CD,VBZ,DT,NNP,NNP,EX,VBP,NN,NNS,CC,JJ,NN,VBZ,DT,JJ,NNS,NNS,VBP,IN,NNS,VBP,JJR,CC,JJR,JJ",1
2,"DT,NN,VBZ,IN,DT,NN,NN,IN,DT,NN,VBZ,RP,IN,DT,PRP,VBZ,CD,NNS,DT,NN,VBZ,PRP,VBP,TO,VB,DT,NN,VBZ,PRP$,TO,PRP,VBZ,IN",1
3,"EX,VBZ,DT,JJ,NN,IN,PRP,VBZ,DT,PRP,VBZ,RB,DT,JJ,PRP,VBZ,RB,DT,PRP,VBZ,IN,DT,JJ,NNS,VBP,JJ,WRB,PRP,VBP,DT,DT,NN,VBZ,DT,JJ,IN,CD,PRP,VBZ,IN,IN,DT,NN,DT,NN,VBZ,RB,PRP,RB,VBZ,PRP$,NN,IN,CD,NN,TO,CC,WRB,NNS,VBP,IN,PRP,VBZ,NNS,CC,VBZ,PRP$,NNS,VBP,IN,NNS,VBP,PRP$,NN,IN,NNS,RB,VBP,JJR,TO,NNS,IN,DT,NN,VBZ,TO,VB,NNS,IN,DT,NNS,IN,DT,JJ,PRP,VBZ,TO,VB,NNS,IN,NNS,CC,JJ,NNS",1
4,"DT,NN,VBZ,IN,NNS,VBP,JJ,DT,NN,NNS,TO,PRP,VBZ,EX,VBP,CD,NNS,IN,PRP,VBP,DT,JJ,JJ,DT,NN,VBZ,DT,NNS,TO,VB,DT,NN",1
5,"DT,NN,VBZ,IN,DT,NNP,DT,NN,VBZ,PRP,VBZ,RB,DT,NN,VBZ,PRP,CC,PRP,VBZ,RB,DT,NN,NN,VBZ,RB,CD,NNS,DT,NN,VBZ,PRP,VB,TO,DT,PRP,VBZ,JJ,IN,DT,NN,VBD,NNS,NN,DT,NN,IN,DT,DT,CD,NNS,VBP,PRP,VBP,TO,VB,IN,PRP,VBP,TO,VB,DT,NN,JJ",1
6,"WRB,PRP,VBP,DT,PRP,VBP,IN,DT,NN,IN,VBZ,DT,JJ,IN,CD,JJ,DT,JJ,NN,VBZ,RB,JJ,DT,NN,IN,NNP,VBZ,RB,IN,DT,NN,IN,PRP,VBZ,DT,NN,TO,DT,NN,IN,DT,NN,DT,JJ,NN,IN,NNP,VBZ,IN,PRP,VBZ,RB,JJ,WRB,PRP,VBP,RB,DT,JJ,NN,IN,DT,PRP,VBZ,IN,PRP,RB,VBP,DT,JJ,DT,IN,NNS,VBP,RB,VB,DT,CD,IN,PRP,VBZ,IN,IN,PRP,PRP,VBZ,RB,DT,PRP,VBZ,RB,VB,IN,PRP,VBZ,DT,NN,CC,DT,DT,NN,IN,NNP,VBZ,DT,PRP,RB,VBZ,RB,JJ,IN,DT,PRP,VBZ,IN,PRP,MD,RB,VB,NNS,VB,DT,DT,NN,VBZ,TO,VB,DT,JJ,VBG,NNS,IN,DT,NN,IN,CD,NN,IN",1
7,"VBG,JJ,NNS,IN,NNP,DT,NN,VBZ,DT,JJ,NN,IN,NNP,PRP,VBZ,IN,DT,PRP,VBZ,IN,PRP,VBZ,DT,PRP,VBZ,JJ,DT,NN,IN,VBZ,IN,IN,DT,PRP,VBZ,CC,NNS,VBP,DT,NN,VBZ,CD,NNS,PRP,VBZ,PRP$,NN,VBZ,NNP,PRP,VBD,IN,DT,PRP,VBD,NN",1
8,"NNP,NNP,VBD,CD,NNS,PRP$,JJ,VBZ,DT,JJ,NNP,PRP$,NN,VBZ,DT,NN,VBZ,IN,NNP,VBZ,IN,NNP,MD,VB,DT,PRP,VBD,VBG,NNS,IN,PRP$,DT,NN,VBZ,JJ,PRP,VBZ,CC,CD,PRP,VBZ,CD,JJ,PRP,VBZ,NN,IN,DT,CD,CD,NN,NN,TO,NNP,RB,VBP,DT",1
9,"JJ,NNS,DT,IN,DT,NN,VBP,IN,PRP,VBZ,RB,IN,CD,NNS,VBP,NNP,NNP,NNP,VBZ,IN,PRP$,PRP,VBZ,IN,EX,VBZ,JJ,PRP,VBZ,DT,JJ,NN,IN,NNP,DT,NN,VBZ,CD,NNS,VBP",1
10,"DT,NN,VBZ,IN,NNS,IN,DT,NN,VB,PRP$,NN,IN,DT,PRP,VBP,CD,NNS,IN,PRP,VBP,NNS,CC,DT,CD,DT,NNS,VBP,DT,NNS,IN,DT,DT,NN,NNS,NN,IN,DT,DT,NN,VBZ,PRP$,NNS,TO,VB,CD,NN,VBZ,IN,DT,VBZ,PRP,VBZ,PRP,NN,DT,NNS,VBP,IN,PRP,VBP,IN",1
11,"DT,NN,VBZ,IN,NNP,NNP,EX,VBD,DT,NN,PRP,VBD,DT,NNP,NNP,NNP,NNP,IN,NNS,VBD,IN,DT,DT,NNS,VBD,TO,VB,PRP,MD,PRP,VBD,RB,DT,NN,NN,VBD,CD,NNS,IN,DT,NNS,VBD,DT,DT,VBD,DT,JJ",1
12,"IN,NNP,RB,VBZ,DT,JJ,NNS,VBP,IN,RB,JJ,NNS,DT,JJ,NN,IN,NN,VBZ,JJ,TO,PRP$,DT,NNS,VB,DT,DT,RB,JJ,NN,DT,NN,VBZ,IN,DT,PRP,VBZ,CD,PRP,VBZ,CD,NNS,VBP,IN,JJ,DT,NNS,VBP,IN,CD,NNS,VBP,DT,CD,NN,VBZ,IN,PRP,VBP,TO,VB,TO,NN,IN,DT,PRP,VBZ,IN,DT,NN,VBP,RB",1
13,"CD,NNS,NNS,VBP,DT,DT,NN,RB,PRP,VBZ,IN,DT,DT,NN,VBZ,DT,NN,NN,VBZ,IN,DT,NN,VBZ,DT,NN,TO,VB,RB,IN,JJ,DT,JJ,NN,VBZ,NNS,TO,VB,DT,NN,VBZ,IN,PRP,DT,JJ,DT,NN,NN,VBZ,IN,DT,NN,VBZ,DT,PRP,VBZ,IN,DT,NN,VBZ,DT,NN,VB,PRP,VBZ,DT,PRP,VBZ,IN,RB,DT,NN,VBZ,RB,IN,DT,PRP,VBZ,IN,PRP,VBZ,IN,DT,NNS,VBP,RB",1
14,"NNS,VBP,NN,JJ,IN,PRP,VBP,RB,JJ,JJ,DT,NNS,VBP,RB,PRP,VBP,DT,JJS,NNS,IN,JJR,NNS,VBP,RB,IN,NNS,VBP,NNS,IN,DT,PRP,VBP,DT,NNS,TO,VB,DT,DT,NN,IN,DT,NNS,CC,DT,NN,VBP,VBN,JJS,IN,DT,NNS,VBP,DT,VBZ,DT,JJ,PRP,VBZ,PRP,JJ,PRP,MD,VB,NN",1
15,"DT,NN,VBZ,IN,DT,NNS,VBP,PRP,IN,PRP,VBZ,IN,DT,JJ,PRP,VBZ,DT,NN,DT,NN,VBZ,IN,DT,NN,VBZ,PRP,VBZ,PRP,VBZ,CC,DT,DT,NN,VBZ,DT,PRP,RB,VBZ,TO,NNS,VBP,TO,VB,PRP",1
16,"NNP,VBZ,DT,JJ,PRP,VBZ,DT,NN,IN,PRP,VBZ,VBN,IN,DT,NNP,IN,PRP,VBZ,DT,NN,IN,DT,NN,IN,EX,VBP,JJ,NNS,IN,DT,DT,NN,VBZ,PRP$,JJ,DT,NNS,NN,IN,DT,EX,VBP,DT,DT,JJ,NN,VBZ,DT,NN,IN,PRP,VBZ,DT,NNS,IN,DT,NNS,PRP,VBP,RB,VB,IN,NNS,DT",1
17,"DT,NN,VBZ,NNS,IN,CD,NN,VBZ,VBN,IN,CD,JJ,DT,NN,VBZ,NN,PRP,RB,VBZ,NN,DT,NN,VBZ,IN,NN,EX,VBP,CD,NNS,IN,NNP,DT,PRP,MD,VB,CD,NNP,NNS,IN,DT,CD,CD,NNS,VBD,CC,VBD,JJ",1
18,"DT,NN,VBZ,DT,PRP,VBZ,PRP,IN,DT,NN,IN,PRP,VBZ,DT,NN,NNP,NNS,VBP,RB,WRB,DT,NN,VBZ,PRP,VBZ,IN,RB,JJ,PRP,VBZ,VBN,CC,PRP,VBZ,NN,CC,NN,DT,NN,VBZ,RB,VB,DT,DT,NN,VBZ,VBG,NNS,IN,DT",1
19,"NNP,NNP,VBZ,TO,VB,DT,DT,NNP,PRP,VBZ,DT,NN,TO,DT,NN,VBZ,VBG,RBR,CC,RBR,DT,NN,NN,VBZ,VBG,TO,DT,PRP,VBZ,DT,JJ,NN,VBZ,IN,PRP,VBZ,JJS,PRP,MD,VB,PRP$,NN,VBZ",1
20,"RB,VBZ,DT,NN,IN,DT,NN,VBZ,VBG,NNS,PRP,VBZ,IN,DT,JJ,DT,NN,VBZ,IN,PRP,VBZ,DT,DT,VBD,IN,JJS,NNS,VBP,RP,WRB,PRP,VBP,DT,DT,NNS,DT,NN,VBZ,VBG,IN,PRP,VBP,VBG,TO,VB,DT",1
21,"IN,DT,NN,VBZ,DT,JJ,PRP,VBZ,IN,DT,NN,IN,DT,PRP,VBZ,PRP,VBZ,DT,IN,DT,NN,IN,DT,NNP,VBZ,DT,NN,IN,PRP,VBG,PRP,VBZ,DT,NN,IN,DT,NN,VBP,DT,PRP,VBP,DT,PRP,VBP,IN,PRP,VBZ,DT,PRP,RB,VBP,IN,PRP,VBZ,DT",1
22,"DT,NN,VBZ,IN,DT,PRP,VBZ,PRP,VBZ,IN,DT,PRP,VBZ,IN,DT,NN,PRP,VBZ,DT,NN,IN,DT,PRP,VBZ,DT,JJ,NN,IN,DT,NNP,TO,VB,PRP,VBZ,DT,CC,PRP,VBZ,PRP,VBZ,IN,JJR,IN,PRP,VBZ,IN,WP,PRP,VBZ,PRP,VBZ,IN,DT,NNS,MD,VB,DT",1
23,"NNS,IN,NNP,VBP,DT,PRP,VBZ,RB,JJ,CC,RB,PRP,VBP,PRP,IN,NN,WRB,DT,NNS,VBP,PRP,VBZ,IN,DT,PRP,VBZ,CD,PRP,VBZ,RB,DT,NN,IN,DT,RB,JJ,NN,IN,VBZ,VBP,IN,PRP,VBZ,DT,NN,IN,NNP,PRP,NNS,NNP,IN,CD,NNS,IN,CD,NNS,PRP,VBP,TO,VB,DT,NNS,IN,DT,NN,RB,IN,DT,NNP,NN,IN,DT,JJ,JJ,NN,VBZ,DT",1
24,"IN,NN,NNS,VBP,NN,JJ,IN,PRP,VBP,DT,JJ,NN,NNP,DT,NNP,PRP,VBZ,PRP,CD,DT,NN,VBZ,CD,NNS,NNP,VBZ,TO,DT,NN,NN,IN,NNP,CC,NNS,VBP,JJ,TO,VB,DT,NNP,NNP,RB,PRP,VBZ,RP,NN",1
25,"DT,NN,VBZ,IN,DT,NN,IN,VBG,JJ,NNS,DT,JJ,NN,VBZ,NNS,VBP,PRP,VBP,DT,NN,IN,PRP,VBP,RB,VB,IN,DT,NN,VBZ,DT,NNS,VBP,RP,WP,DT,NN,VBZ,DT,NN,DT,NN,VBZ,RB,PRP,VBZ,VBN,IN",1
26,"DT,NNP,NNP,IN,DT,NNP,VBZ,CD,NNP,NN,PRP$,NN,VBZ,DT,NNPS,MD,VB,NN,IN,DT,DT,JJ,NN,VBZ,PRP$,PRP$,NN,VBZ,TO,VB,DT,JJ,NN,IN,DT,PRP,VBZ,DT,PRP,VBZ,JJ,TO,PRP,VBZ,DT,NNS,VBP,DT,IN,PRP,VBZ,PRP,IN,PRP,VBP,RB,DT,NN,MD,VB,JJ,NN",1
27,"EX,VBZ,DT,NN,IN,NNS,CC,PRP,VBZ,IN,PRP$,NN,MD,VB,DT,DT,DT,JJ,CC,PRP,MD,CD,NN,VBZ,IN,PRP$,PRP,VBZ,IN,PRP,MD,VB,IN,DT,DT,NN,IN,DT,MD,VB,JJ,NNS,CC,NNS,VBP,RB,DT,NN,NNS,IN,CD,NNP",1
28,"DT,NN,VBZ,IN,CD,NNS,VBP,PRP,VBP,IN,PRP$,NN,NN,VBZ,IN,DT,DT,NN,VBZ,EX,VBP,CD,NNS,IN,DT,NN,DT,JJ,NNS,VBP,CC,JJS,NNS,VBP,IN,DT,DT,NN,NN,DT,PRP,VBZ,DT,JJ",1
29,"RB,VBZ,NN,IN,DT,JJ,VBZ,IN,DT,NN,IN,DT,JJ,VBP,TO,PRP,VBP,VBN,IN,DT,PRP,VBP,RB,IN,DT,CD,NN,VBZ,TO,VB,DT,JJ,NNS,DT,JJ,NNS,IN,DT,PRP,VBZ,IN,DT,JJ,PRP,VBZ,VBN,IN,DT,NN,RB,VBZ",1
30,"NNS,VBP,DT,JJ,DT,NN,VBZ,IN,NN,IN,DT,PRP,VBZ,CD,NNS,DT,NNS,VBP,DT,NN,VBZ,CD,NNS,VBD,WDT,RB,JJ,NNS,VBP,DT,VBZ,RB,JJ,NNS,VBP,DT,NN,VBZ,DT,JJS,NN,WDT,VBZ,PRP,WRB,DT,NNS,VBP,PRP,VBP,RB,VBN,IN,NN,CC",1
31,"DT,JJ,NN,NNS,IN,PRP,VBZ,DT,NN,NN,DT,VBZ,DT,JJ,NN,NN,IN,EX,VBP,CD,EX,VBP,CD,NNS,IN,DT,PRP,VBP,CD,JJ,PRP,VBP,DT,NNS,IN,PRP,MD,VB,PRP,IN,DT,NN,IN,DT,DT,NN,MD,VB,CD",1
32,"DT,NN,VBZ,IN,DT,PRP,VBZ,DT,JJS,NN,NN,IN,DT,PRP$,NN,VBZ,PRP,VBZ,DT,NNP,NNP,NNPS,MD,VB,CD,NNS,NNP,VBD,CD,NNS,JJ,IN,PRP,VBD,CD,NN,PRP,VBZ,RB,CD,PRP,VBZ,CD,NNS,NNP,VBZ,JJ,DT,NN,RB,VBZ,DT,NN,PRP,VBZ,RB,VB,NNP,TO,VB,DT",1
33,"NNP,VBZ,DT,PRP,VBZ,PRP,VBZ,IN,NNS,VBP,DT,PRP,VBP,NNS,CC,EX,VBZ,DT,DT,NN,VBZ,DT,IN,NN,VBZ,JJ,CC,JJ,VBZ,DT,VBZ,DT,CD,NNS,VBP,IN,DT,CD,NNS,VBP,TO",1
34,"DT,NN,VBZ,IN,DT,JJ,PRP,VBZ,DT,PRP,VBZ,DT,PRP,VBZ,JJ,NNS,IN,DT,NN,NNS,DT,PRP,VBZ,RB,CC,PRP,VBZ,RB,PRP,VBZ,RP,DT,NN,IN,DT,PRP,VBZ,DT,NN,VBZ,CD,NNS,DT,NN,VBZ,RB,CD,DT,NN,VBZ,IN,DT,NN,PRP,VBZ,PRP$",1
35,"EX,VBZ,DT,NN,IN,IN,EX,VBZ,DT,PRP,VBZ,RB,DT,IN,DT,DT,VBZ,RB,JJR,NNS,VB,TO,DT,DT,EX,VBZ,DT,PRP,VBZ,DT,NN,IN,NN,TO,IN,PRP,VBZ,DT,NN,NNS,VBP,IN,NNS,MD,VB,TO,VB,PRP,VBP,DT,NN,TO,VB,DT,NNP",1
36,"RB,VBZ,DT,NN,IN,PRP,VBZ,IN,DT,JJ,PRP,VBZ,IN,DT,PRP,VBZ,IN,DT,NN,PRP,VBZ,DT,PRP,VBZ,RB,PRP,VBZ,RB,JJ,IN,PRP,PRP,VB,DT,NNS,VBP,DT,IN,DT,PRP,MD,VB,PRP,VBZ,RB,IN,DT,EX,VBP,RB,JJ,JJ,NNS,IN,DT,NNP,VBZ,DT,DT,NN,VBZ,CD,NNS,PRP,VBZ,CD,NNS,JJ,NNS,MD,VB,JJ",1
37,"DT,NN,VBZ,IN,PRP,VBZ,IN,NNP,PRP,VBZ,IN,DT,NN,PRP$,JJ,NN,IN,NN,VBZ,IN,IN,DT,JJ,PRP,VBZ,PRP,VBZ,PRP$,JJ,NN,VBG,PRP,VBZ,DT,NN,IN,CD,NNS,CC,NNS,IN,PRP,RB,VBZ,PRP,RB,VBZ,PRP,DT,JJS,PRP,VBZ,NNS,DT,NN,VBZ,VBN,IN,PRP$,NNP,VBZ,JJ,PRP$,NN,VBZ,PRP$,TO,VB,IN,PRP",1
38,"NNS,VBP,TO,DT,NN,NN,PRP,VBP,DT,NN,IN,PRP,VBP,IN,PRP,VBZ,RB,JJ,DT,VBZ,RB,IN,DT,DT,NNS,VBP,DT,NN,PRP,VBP,RP,IN,PRP,VBZ,DT,JJ,PRP,VBZ,CD,NNS,PRP,VBZ,IN,NN,IN,IN,DT,NNS,VBP,RB",1
39,"DT,NN,VBZ,DT,PRP,VBZ,DT,DT,NN,NNS,DT,NN,VBZ,IN,NNS,VBD,EX,VBZ,DT,JJ,PRP,VBZ,TO,JJ,JJ,CD,CC,CD,NNS,VBD,DT,NNS,VBD,WRB,DT,NN,VBD,NNP,VBZ,JJ,DT,NNS,VBP,JJR,IN,CD",1
40,"DT,NN,VBZ,IN,DT,DT,JJ,VBZ,IN,DT,PRP,VBZ,DT,JJS,JJ,IN,PRP,VBZ,CD,NNS,JJ,PRP,VBZ,IN,CD,DT,JJ,VBZ,DT,DT,NN,VBZ,DT,DT,NN,VBZ,DT,NNS,VBP,JJ,NNS,IN,NN,CC,JJ,NNS,NN,PRP,DT,JJ,NN,VBZ,JJ,IN,DT,JJ",1
41,"DT,NN,VBZ,IN,EX,VBZ,DT,JJ,JJ,PRP,VBZ,NNP,IN,DT,NNP,VBZ,NNP,CC,VBZ,DT,NN,VBZ,NN,IN,NNP,NNS,MD,VB,JJ,CC,JJ,NN,NNP,VBZ,DT,NN,IN,NN,PRP,RB,VBZ,DT,NN,IN,DT,PRP,VBZ,DT,PRP,VBZ,IN,NNS,MD,VB,RB,TO,VB",1
42,"NNS,IN,DT,NNP,VBP,DT,PRP,VBZ,DT,NN,IN,DT,DT,NN,VBZ,PRP,VBZ,VBN,IN,CD,NNS,CC,JJ,NNS,IN,DT,PRP,VBP,NNS,IN,DT,DT,NN,VBZ,IN,PRP,EX,VBP,NNS,CC,PRP,DT,VBZ,RB,JJ,IN,DT,NNS,VBP,RB,DT,NN,VBZ,RB,PRP,VBZ,JJ,IN,DT,DT,NN,VBZ,DT,JJ,PRP,MD,VB,DT,JJ,CC,JJ,NN,NNP,VBZ,DT,NN,CD,NNS,IN,DT,PRP,VBZ,IN,DT,JJ,PRP,VBP,RB,PRP,PRP,VBP,IN",1
43,"DT,JJ,NN,NNS,TO,DT,NNP,DT,VBZ,IN,DT,NN,IN,PRP,VBZ,RP,IN,PRP,PRP,VBZ,RB,RB,IN,CD,PRP,VBZ,DT,JJ,NN,PRP,VB,IN,PRP,VBZ,RP,IN,IN,DT,DT,NN,VBZ,PRP,VBZ,IN,JJ,NNS,VBP,IN,NN,IN,PRP,RB,DT,CD,PRP,VBZ,IN,PRP,VBZ,WRB,DT,NN,VBZ,IN,DT,NN,VBZ,RP,TO,PRP,VBZ,PRP$,IN,PRP,VBZ",1
44,"RB,VBZ,DT,JJ,PRP,VBZ,IN,DT,NN,IN,DT,DT,NNS,VBP,DT,NNS,PRP,VBP,DT,NNS,JJ,PRP,VBP,DT,NNS,TO,VB,DT,DT,NNS,VBP,DT,DT,JJ,VBZ,DT,DT,NN,VBZ,VBN,TO,CD,EX,VBP,CD,JJ,NNS,IN,NNS,IN,DT,CD,CD,NNS,VBP,DT,NN,DT",1
45,"NNP,VBP,IN,DT,NN,IN,PRP,VBZ,DT,NNP,NNP,IN,DT,NN,IN,DT,EX,VBZ,DT,PRP,VBZ,DT,JJ,NNP,PRP,VBP,VBG,NN,VBZ,JJ,NNS,JJ,NNS,VBP",1
46,"IN,DT,NN,CC,DT,NN,VBP,IN,DT,DT,NN,NNP,VBD,DT,PRP,VBP,IN,PRP,VBZ,NN,TO,PRP$,RB,PRP,VBZ,IN,DT,NN,NN,VBZ,IN,DT,PRP,VBZ,DT,NN,IN,DT,PRP,VBZ,PRP,PRP,VBZ,PRP,VBZ,DT,PRP,VBZ,DT,JJ,NN,PRP,VBZ,IN,EX,VBZ,DT,NN,IN,DT,JJ,NN,VBP,IN,DT,NN,VBZ,IN,DT,JJ,PRP$,NN,VBZ,IN,PRP,VBZ,RB,PRP$,DT,NN,VBP,RB",1
47,"DT,NN,IN,PRP,VBP,TO,VB,DT,JJ,NN,IN,DT,PRP,VBP,DT,JJ,DT,NN,VBZ,VBN,IN,PRP,VBZ,DT,NN,PRP,VBZ,IN,TO,CD,NNS,DT,NN,IN,DT,PRP,VBD,DT,JJ,IN,CD,NNS,IN,DT,NN,VBZ,TO,VB,DT,NNS,RB,VB",1
48,"NNS,CC,PRP$,NNS,VBP,TO,DT,NN,IN,PRP,VBP,TO,NNP,NN,VBZ,DT,NN,IN,NNP,VBP,TO,DT,NNS,VBP,TO,VB,DT,NN,VBZ,CD,NNP,NNP,NN,IN,NNS,VBP,JJ,JJ,NNS,IN,DT,IN,DT,NNS,NN",1
49,"VBP,PRP,IN,JJS,NNS,CD,NN,IN,NNP,VBZ,PRP,VBZ,DT,NN,PRP,VBZ,RP,CD,NN,NN,IN,CD,NN,IN,NNS,VBZ,IN,DT,NN,VBZ,DT,NN,DT,NN,IN,NNS,VBP,NN,NNS,CC,NN,IN,JJ,PRP,VBP,DT,NN,IN",1
50,"DT,NN,IN,NNP,VBZ,DT,DT,NN,CC,DT,NN,VBP,IN,DT,DT,NN,NN,CC,VBZ,IN,DT,DT,NN,VBZ,JJ,IN,PRP,VBZ,TO,DT,NN,VBZ,IN,PRP$,NN,VBZ,IN,DT,DT,NN,VBZ,TO,DT,NN,CC,DT,NN,VBP,IN,CD,DT,NN,VBZ,NNS,IN,TO,VB,DT,PRP,VBP,CC,DT,NN,VBZ,NNS",1
51,"DT,NN,NN,VBZ,IN,DT,NN,IN,PRP,VBZ,RB,PRP,VBZ,CC,JJ,IN,NNS,VBP,PRP,VBP,PRP,TO,DT,NN,WDT,VBZ,EX,PRP,VBP,PRP,NN,CC,PRP,VBZ,RBR,DT,NN,VBZ,DT,JJ,NN,IN,DT,NN",1
52,"DT,NN,VBZ,DT,NN,IN,PRP,VBZ,DT,JJ,CD,JJR,NNS,NNS,VBP,CD,NNS,VBP,JJ,NNS,VBP,TO,VB,EX,VBP,RB,NNS,IN",1
53,"NNP,NN,VBZ,IN,DT,NN,NN,IN,DT,NN,IN,NNP,JJ,JJS,CD,NNS,NNP,NN,IN,DT,PRP,VBP,NNS,RB,IN,DT,NN,NN,CC,DT,JJ,JJ,DT,NN,VBZ,TO,VB,RP,PRP,RB,VBZ,DT,NN,TO,VB,JJ,CC,TO,VB,TO,DT,DT,NN,VBZ,IN,JJ,JJ,NNS,IN,NNP,CC,DT,NNP",1
54,"DT,NN,VBZ,TO,VB,PRP,VBZ,NN,TO,VB,PRP,VBZ,DT,NN,IN,PRP$,PRP,VBZ,RB,PRP,VBZ,DT,NN,IN,PRP$,DT,NN,VBZ,DT,PRP,VBZ,IN,PRP$,RB,PRP,VBZ,NNS,IN,PRP$,PRP,VBZ,DT,NNS,RB,CC,VB,PRP,DT,NNS,VBP,DT,PRP$,NNS,VBP,JJ,CC,DT,NN,VBZ,TO,VB,NNS,DT,NNS,VBP,RB,WP,PRP",1
55,"DT,JJ,VBZ,DT,JJ,NN,PRP,VBZ,CD,NNS,PRP,VBZ,IN,PRP,VBZ,DT,JJ,NN,VBP,PRP,VBZ,CD,NN,NNS,IN,PRP$,PRP,VBZ,DT,IN,CD",1
56,"NNP,NNP,VBZ,DT,RBS,JJ,NN,PRP,VBZ,NNS,DT,JJ,NN,IN,CD,IN,PRP$,NNS,VBP,CD,NN,VBZ,VBN,DT,NNP,PRP,VBZ,PRP,IN,PRP,VBZ,JJ,NNS,IN,DT,JJ,VBZ,DT,NN,NNS,PRP,IN,DT,VBZ,IN,NNS,DT,NN,VBZ,PRP$,JJ,DT,IN,PRP,VBZ,DT,NN,TO,DT,PRP,VBP,RP,IN,PRP,VBZ,DT,NNP,DT,NN,NNS,TO,DT,NN,POS",1
57,"CD,NNS,VBP,NNS,CC,VB,PRP,IN,PRP,VBP,DT,JJ,DT,NN,JJ,NNS,IN,JJ,DT,NNS,VBP,DT,JJ,PRP,VBZ,RB,RB,IN,DT,PRP,VBP,RP,DT,CD,IN,DT,NNS,VBZ,RB,TO,PRP,VBZ,VBN,IN,NNS,IN,DT,DT,NNS,VBP,DT,IN,CD,PRP,NN,JJ,NNS,IN",1
58,"DT,VBZ,IN,NNP,DT,NN,NN,NNS,IN,PRP$,NN,DT,JJ,NN,VBZ,DT,JJ,PRP,VBZ,DT,EX,VBP,DT,NNS,IN,DT,DT,NNS,VBP,TO,DT,NN,NN,VBZ,DT,NN,VBZ,RB,VB,PRP",1
59,"DT,NN,VBZ,VBG,TO,PRP,VBZ,TO,VB,IN,DT,PRP,VBZ,DT,PRP,VBZ,IN,DT,NN,VBD,DT,EX,VBP,CD,NNS,IN,DT,PRP,VBP,PRP,VBP,VBN,IN,DT,NNS,VBP,VBG,DT,DT,NNP,CC,NNP,VBP,VBG",1
60,"DT,JJ,NN,VBZ,NNS,VBD,PRP$,PRP,VBZ,IN,PRP$,NN,VBZ,PRP$,PRP,VBZ,PRP,IN,PRP$,DT,NN,VBZ,IN,PRP$,NN,VBZ,PRP,VBZ,IN,PRP,VBZ,IN,JJR,JJ,JJ,NNS,VBP,NN,JJR,NNPS,VB,PRP,TO,PRP$,NNS,TO,VB,NN,VBZ,RB,JJ,IN,DT,NNS,VB,NNS,TO,VB,PRP,TO,PRP$,NNS,VBP,RB,VB,IN,PRP,VBZ,JJ,IN",1
61,"DT,NN,VBZ,IN,NNP,NN,VBZ,CD,CD,IN,PRP,VBP,CD,IN,PRP,VBZ,DT,PRP,VBZ,JJR,IN,DT,PRP$,NN,NNS,VBG,DT,NN,VBP,DT,JJ,PRP$,JJ,NN,VBZ,DT,DT,NNS,VBP,VBG,DT,JJ,PRP,VBP,PRP$,JJ,PRP,VB,IN,PRP$,JJ,NNS,CC,PRP,VBP,DT,NN,IN,DT,NN,VBP,RB,NN,VBZ,PRP,VBP,NN,VBZ,DT,PRP,VB,PRP,MD,VB,PRP$,JJ,NNS,RB",1
62,"NNP,VB,DT,NNS,IN,NN,IN,CD,NN,IN,EX,VBP,RB,JJ,PRP,VB,PDT,DT,NNS,CC,VB,DT,RB,PRP,VBP,NN,TO,NNS,VBP,DT,PRP,VBP,PRP,TO,JJ,PRP,VBP,RB,VB,DT,NNS,VBP,IN,DT,DT,NNS,MD,VB",1
63,"DT,NN,IN,NNP,VBZ,DT,PRP,VBZ,RB,PRP,VBZ,IN,DT,DT,NN,VBZ,CD,NNS,NNS,VBP,DT,NNP,NN,IN,DT,DT,CD,NNS,VBP,PRP,VBZ,DT,JJS,NN,IN,DT,NNP,PRP,VBZ,IN,DT,NN,VBZ,TO,VB,JJ,IN,DT,PRP,VBP,NN,TO,VB,DT,NN,VBZ,JJ,PRP,MD,VB,IN,IN,DT,NN,VBZ,JJ,PRP,VBP,TO,VB,DT,DT,NN,MD,VB,DT,NNP,NN,IN",1
64,"IN,NNS,VBP,VBG,IN,IN,DT,DT,NNS,VBP,JJ,NNS,IN,PRP$,DT,NNS,VBP,IN,IN,CD,NN,VBD,DT,NNS,IN,JJ,DT,NNS,VBP,IN,PRP$,NN,IN,DT,JJ,CD,NN,VBZ,DT,PRP,VBZ,PRP,VBZ,DT,NN,IN,NNS,VBP,IN",1
65,"DT,VBZ,IN,NNS,VBP,VBG,DT,DT,JJ,VBZ,RP,IN,CD,NN,NNS,PRP,IN,DT,JJ,NNS,VBP,TO,VB,DT,NNP,VBD,CD,IN,DT,DT,NN,VBZ,IN,PRP$,NN,NNS,VBP,JJ,PRP,VBP,WRB,TO,JJ,DT,NN,VBZ,RB,VB,WDT,VBZ,DT,JJ",1
66,"DT,JJ,NN,VBZ,VBN,IN,PRP,VBZ,JJ,DT,NN,VBZ,DT,DT,NN,CC,DT,JJ,NN,VBZ,JJ,RB,IN,DT,RB,DT,NN,CC,DT,JJ,NNS,VBP,PRP,VBP,PRP$,CD,NN,VBZ,DT,NN,DT,EX,VBZ,DT,NN,IN,DT,DT,NN,VBZ,IN,DT,NN,MD,VB,IN,IN,DT,DT,NN,VBZ,VBN,IN,NNS,IN,PRP,VBD,CD,NNS,TO,VB,DT",1
67,"DT,VBZ,IN,DT,DT,NN,VBZ,PRP$,NN,RB,IN,DT,PRP,VBZ,DT,DT,NN,VBZ,IN,PRP$,NN,PRP,VBZ,IN,DT,DT,NN,VBZ,PRP$,NN,TO,NN,DT,PRP,VBZ,DT,NN,IN,DT,NNS,VBP,DT,PRP,VBP,IN,PRP,VBP,DT,PRP,VBD",1
68,"NN,NNPS,VBZ,DT,PRP,VBZ,RB,PRP,VBZ,PRP,VBZ,CD,NNS,PRP,VBZ,IN,DT,PRP,NN,IN,DT,JJ,DT,NN,VBZ,RP,RBR,IN,DT,DT,NN,VBZ,RB,IN,PRP,IN,DT,DT,NN,PRP$,NN,VBZ,CD",1
69,"RB,VBZ,NN,IN,NNS,VBP,DT,DT,NNS,VBP,RB,PRP,VBP,DT,NNS,IN,DT,NNS,VBP,IN,CD,CD,NNS,DT,NNS,VBP,JJ,TO,DT,DT,NNS,VBP,RB,EX,VBP,DT,NN,IN,NNS,VBP,DT,RB,DT,NNS,MD,VB,PRP,WP,DT,JJ",1
70,"RB,VBZ,NN,IN,VBG,JJ,NNS,EX,VBP,CD,NNS,IN,DT,RB,CD,NN,VBZ,PRP,VBZ,DT,NN,IN,DT,DT,JJ,CD,NNS,VBP,RB,PRP,VBP,RB,DT,MD,VB,RB,IN,JJ,PRP,MD,VB,RB,IN",1
71,"PRP,VBZ,RB,JJ,IN,JJR,IN,DT,JJ,NNS,VB,IN,CD,PRP,VBZ,DT,JJ,DT,NNP,NNP,VBZ,IN,CD,CD,NNS,VBP,JJ,NNS,MD,VB,IN,PRP,VBP,DT,NNS,IN,NNS,VBP,TO,DT,JJ,NN,IN,NNP,VBZ,IN,PRP,VBZ,RB,JJ,IN,JJ,NNS,IN,DT,JJ,NNS,VBP,PRP,VBZ,RB,DT,JJ,DT,NN,VBZ,RB,JJ,NN",1
72,"NNS,VBP,DT,JJ,NN,TO,NN,NNS,IN,PRP,VBP,NN,NNS,TO,VB,JJ,NNS,IN,DT,DT,JJ,NNS,VBP,DT,PRP,RB,VBP,NN,IN,DT,DT,NN,VBZ,PRP,WRB,DT,NNS,VBP,PRP$,DT,NNS,VBP,TO,VB,DT,DT,NN,VBP,PRP,WP,DT,NN,VBZ",1
73,"DT,VBZ,IN,NNP,NNP,IN,PRP$,JJ,NNS,VBP,PRP$,DT,NN,VBZ,IN,NNP,TO,PRP,VBZ,IN,JJ,DT,JJ,NN,IN,NN,VBZ,CD,TO,CD,NNS,NNS,CC,JJ,NNS,VBP,DT,IN,DT,NN,TO,VB,DT,NNS,VBP,DT,IN,DT,NN,TO,VB,DT,PRP,VBP,IN,DT,NNS,IN,NNS,IN,DT,PRP,VBP,VBG,PRP,RB,VBP,JJ",1
74,"EX,VBZ,DT,JJ,NN,IN,PRP,VBZ,DT,NN,PRP,VBZ,CD,NNS,PRP,MD,VB,IN,DT,EX,VBZ,DT,JJ,NN,CC,EX,VBZ,RB,DT,JJ,NN,IN,DT,PRP,MD,VB,IN,DT,DT,NN,VBZ,CD,PRP,VBZ,IN,NN,VBZ,DT,JJS,NN,NN,IN,DT,PRP,VBZ,IN",1
75,"DT,NN,NNS,IN,IN,JJS,CD,NN,DT,NN,VBZ,IN,CD,PRP,NNS,DT,CD,NNP,NN,VBZ,RB,NNS,VBP,NN,TO,DT,NN,TO",1
76,"NNS,NN,DT,NN,IN,DT,NNS,VBP,IN,NNP,PRP,VBP,DT,NN,IN,NNP,DT,NN,VBZ,PRP,VBZ,DT,PRP,VBZ,DT,PRP,VBZ,RB,VB,DT,NN,IN,PRP$,PRP,VBZ,PRP,IN,PRP$",1
77,"DT,JJ,NN,NN,NNS,PRP,VBZ,PRP,VBZ,PRP$,NN,VBZ,RB,VB,IN,DT,NN,VBZ,TO,DT,PRP,VBD,NNS,VBP,IN,DT,NN,VBZ,PRP,VBP,DT,DT,NNS,VBP,NN,IN,DT,NNP,PRP,VBP,DT,NN,DT,NN",1
78,"PRP,VBZ,DT,NN,IN,IN,CD,NNS,VBP,IN,PRP,VBP,PRP$,PRP,VBP,DT,NNP,NNS,VBP,JJ,NNS,VBP,DT,EX,VBZ,DT,JJ,PRP,VBZ,DT,PRP,VBZ,IN,DT,PRP,PRP,VBZ,RB,PRP,VBZ,NNS,VBP,PRP$,TO",1
79,"EX,VBP,RB,JJ,JJ,NN,NNS,IN,DT,NNS,VBP,RB,VBP,EX,VBZ,DT,NN,IN,VBZ,DT,NN,VBZ,DT,PRP,VBZ,DT,JJ,PRP,VBZ,DT,JJ,NN,NNS,IN,PRP,VBZ,DT,JJ,NN,IN,VBG,NN,IN,PRP,VBZ,CD,IN,CD,NNS,WDT,NNS,VBP,IN,VBG,DT,NN,VBZ,IN,NNS,MD,VB,JJR,JJ,NN,NNS,IN,VBG",1
80,"DT,NN,VBZ,VBG,IN,DT,PRP,VBZ,DT,NN,PRP,VBZ,IN,DT,NN,VBZ,IN,DT,PRP,VBZ,IN,DT,NN,IN,DT,DT,NN,PRP,VBZ,PRP,VBZ,DT,JJ,DT,NN,VBZ,PRP,IN,DT,NN,VBZ,VBG,IN,DT,PRP,VBZ,DT,IN,PRP,RB,VBZ,TO,DT,NNP,VBZ,PRP,VBZ,RP,DT,DT,NN,PRP,VBP,IN,PRP,MD,VB",1
81,"NNP,NNP,VBZ,DT,JJ,PRP,VBZ,DT,NNP,PRP,VBZ,PRP,VBZ,RB,RB,NNS,VBP,NNS,IN,DT,DT,NNS,VBP,IN,DT,NN,VBZ,NNP,VBZ,PRP,VBZ",1
82,"EX,VBZ,DT,NN,IN,DT,NN,VBZ,VBN,IN,CD,EX,VBP,CD,NNS,IN,IN,CD,NNS,PRP,VBP,IN,IN,PRP$,NNS,IN,NNP,CC,NNS,VBP,TO,DT,PRP,VBP,IN,DT,NNS,IN,DT,JJ",1
83,"DT,NN,VBZ,IN,DT,PRP,VBZ,DT,NNP,PRP,VBZ,VBN,IN,PRP,VBZ,DT,JJ,JJ,PRP,MD,VB,IN,DT,NNP,CD,CC,DT,NNP,DT,NNP,VBZ,RP,IN,PRP$,JJ,NN,VBZ,CD",1
84,"DT,NN,VBZ,DT,NN,PRP,VB,IN,PRP$,EX,VBZ,JJ,PRP,VBZ,DT,NN,VB,PRP$,JJ,NN,CC,NN,EX,VBP,NNS,IN,PRP$,PRP,VBD,PRP$,PRP,VBP,NNS,TO,DT,DT,NN,VBZ,DT,NNS,IN,PRP$,NN,TO,DT,NN,VBZ,CD,NNS,PRP,VBZ,DT,JJ,NN,IN,NN,TO,VB",1
85,"JJ,NN,VBP,JJ,DT,JJ,PRP,VBZ,IN,NNP,VBP,IN,DT,NN,VBZ,PRP,IN,PRP,VBP,IN,PRP,VBZ,DT,NN,VBZ,DT,PRP$,NN,VBZ,DT,PRP,VBZ,IN,DT,NN,VBP,RB,VBG,DT,NNP,VBZ,DT,JJ,DT,JJ,NN,IN,DT,NNS,IN,NNP,CD,NNS,VBP,JJ,NNS,VBP",1
86,"RB,VBZ,NN,IN,DT,NNP,DT,NNS,VBP,IN,IN,DT,DT,VBP,JJ,PRP,VBP,RB,IN,PRP$,PRP,VBP,RB,VBP,IN,JJ,NN,VBD,DT,DT,NNS,VBP,PRP,VBP,NNS,CC,DT,JJ,NNS,VBP,TO,PRP,VBP,PRP,DT,NNS,IN,DT,JJS,VBP,DT,CC,PRP,VBP",1
87,"EX,VBZ,DT,JJ,NN,IN,DT,JJ,NN,IN,PRP,VBZ,JJ,IN,PRP$,JJ,PRP,VBZ,RB,VB,NNS,IN,VBG,PRP$,NNS,IN,DT,NN,VBZ,RB,RB,JJ,JJ,PRP,VBZ,IN,CD,CC,CD,NNS,IN,DT,JJ,NN,TO,VB,DT,NN,VBZ,IN,JJ,DT,NN,VBZ,PRP$,NN,JJ,NNS,VBP,JJ,IN,RB,CD",1
88,"NNP,NNP,VBZ,IN,NNP,NNP,NN,VBZ,DT,NN,PRP,VBZ,PRP,VBZ,CD,NNS,PRP,VBZ,DT,JJS,NN,IN,NNP,NNP,IN,CD,DT,NN,VBZ,TO,VB,PRP$,PRP,VBZ,DT,NN,TO,DT,DT,NN,VBZ,TO,VB",1
89,"DT,NN,VBZ,IN,DT,PRP,VBZ,DT,NN,DT,JJ,RB,PRP,VBZ,DT,NNS,RB,CC,VB,PRP,PRP,VBZ,DT,NN,IN,DT,NN,VBZ,DT,PRP,MD,VB,WRB,PRP,DT,NNP,VBZ,DT,NN,RB,IN,CD,NNP,CC,JJ,NN,RB,IN,DT",1
90,"CD,NNS,DT,NN,NNP,NNP,DT,NNP,NN,VBZ,TO,VB,NN,TO,DT,NN,VBZ,WRB,PRP,VBZ,IN,DT,PRP,VBZ,PRP$,PRP,VBZ,IN,DT,NN,VBZ,RP,DT,NN,VBZ,JJ,IN,VBG,DT,NN,VBZ,IN,DT,VBZ,DT,JJ",1
91,"DT,NN,VBZ,IN,DT,NN,IN,PRP,VBZ,DT,JJ,DT,NN,VBZ,IN,DT,DT,JJ,JJ,VBZ,IN,DT,DT,NN,VBZ,IN,JJ,PRP,VBZ,VBG,RB,TO,DT,DT,JJ,VBZ,DT,NN,MD,VB,DT,NNS,VBP,DT,CD,IN,PRP,VBZ,DT,JJ,PRP,CC,PRP,VBZ,NN,JJ,IN,DT,DT,VBZ,DT,JJ",1
92,"NNP,NNS,NN,IN,CD,PRP,NN,IN,NNP,TO,PRP,VBP,TO,VB,JJ,PRP,VBP,TO,VB,PRP$,NN,IN,DT,CD,VBD,JJ,VB,PRP,IN,PRP,VBP,IN,DT,NN,NN,VBZ,IN,DT,NN,VBZ,RB,DT,PRP,VBZ,IN,DT,NN,VBZ,IN,JJ,PRP,VBZ,TO,VB,IN,DT,NN,VBZ",1
93,"IN,RB,VBZ,DT,JJ,NN,PRP,VBZ,IN,NNP,VBP,IN,DT,NN,IN,DT,NN,NN,DT,NN,NN,VBZ,IN,CD,NN,PRP,VB,IN,DT,NN,EX,VBP,JJ,NNS,RB,TO,NN,PRP,VBP,IN,DT,NN,NN,IN,CD,TO,CD,NNS,IN,DT,DT,NN,VBZ,DT,NNP,VBP,JJ,IN,DT,NNP,NNS,VB,TO,VB,IN,DT,PRP,MD,VB",1
94,"EX,VBZ,NN,IN,IN,CD,NNS,VB,DT,NNS,VB,PRP,VBZ,RB,VB,JJ,EX,VBZ,RB,JJ,NN,IN,CD,CD,NNS,VBZ,VBN,TO,DT,DT,NNP,VBZ,VBG,IN,DT",1
95,"IN,DT,JJ,NN,NNS,IN,DT,NNS,VBP,PRP,VBP,PRP,RB,TO,DT,PRP,VBP,PRP,TO,DT,JJ,PRP,VBZ,IN,CD,NNS,TO,DT,IN,DT,JJ,PRP,VBZ,RB,CC,NNP,VBZ,JJ,NNS,VBP,IN,EX,VBP,RB,CD,IN,PRP,VBD,IN,DT",1
96,"IN,DT,NN,VBZ,PRP$,PRP,VBZ,PRP,IN,DT,JJ,PRP,VBZ,PRP,CD,NNS,TO,VB,PRP$,RB,PRP,VBZ,RB,TO,CD,DT,PRP,VBZ,RB,DT,NN,VBZ,IN,PRP$,NN,VBZ,NNS,VBP,IN,IN,PRP,VBZ,PRP$,DT,NN,VBZ,DT,PRP,VBZ,DT,IN,NNS,IN,NNP,VBP,JJ,PRP,VBP,RB,IN,NNP",1
97,"IN,DT,NN,VBZ,VBG,TO,DT,NNP,NN,NNP,NN,IN,DT,PRP,VBP,CD,JJ,NN,VBZ,NN,IN,DT,JJ,DT,NNP,NNP,VBZ,NNPS,DT,JJ,NN,VBZ,JJR,NN,IN,DT,DT,NN,VBZ,IN,PRP,MD,VB,WP,VBZ,NNP,NNS,VB,VBG,IN,PRP,MD,VB,DT",1
98,"IN,DT,NN,VBZ,PRP$,PRP,VBZ,DT,DT,VBZ,IN,DT,NN,IN,NNP,VBZ,DT,NN,IN,DT,RB,JJ,DT,NN,VBZ,DT,NN,TO,DT,PRP,VBZ,IN,PRP,VBZ,DT,JJ,NN,IN,PRP,VBZ,RB,JJ,IN,PRP,VBZ,CD,IN,DT,RBS,JJ,NNS,IN,PRP$,IN,DT,NN,PRP,VBZ,DT,JJ,PRP,VBZ,NN,IN,DT,DT,VBZ,RB",1
99,"DT,NN,VBZ,IN,DT,PRP,VBZ,IN,NNP,NN,VBZ,DT,NN,IN,DT,DT,NN,VBZ,DT,NN,PRP,VBZ,DT,NN,DT,NN,VBZ,DT,JJ,DT,NN,VBZ,PRP,VBZ,DT,NN,VB,JJR,IN,DT,IN,DT,DT,NN,MD,VB,CD,RB,PRP,MD,VB,CD,CD,CD,NNS,CC,RB,CD,DT,NN,VBZ,DT,PRP,VBZ,DT,JJ,NNP,NNP,DT,NN,VBZ,DT,NN",1
100,"RB,VBZ,DT,NN,IN,DT,NNP,PRP,VBZ,RB,JJ,PRP,MD,VB,DT,NN,NNS,VBP,PRP,IN,CC,DT,NNS,MD,DT,CD,NNS,VBP,PRP$,NNS,IN,DT,CD,IN,PRP,CD,NN,VBZ,RB,VB,TO,PRP,VBZ,IN,IN,DT,NN,JJ,NNS,MD,VB,DT,NN,IN,DT,DT,NN,VBZ,PRP$,NN,TO,NNP,MD,VB,RB,NN,TO,DT",1
101,"DT,NN,VBZ,IN,NNS,WP,VBP,PRP,VBZ,IN,DT,NN,IN,PRP,VBP,DT,NN,DT,NN,VBZ,JJ,PRP,RB,VBZ,DT,NNS,MD,VB,DT,NN,IN,NNS,MD,VB,DT,DT,NNS,VBP,TO,VB,DT,JJ,NNS,VB,PRP,VBP,IN,PRP,VBP,DT,PRP,VBZ,VBN,DT,NNP,NNP,PRP,VBZ,DT,NN,NN,IN,PRP$,RB,DT,NN,VBZ,NN,IN,DT,NNS,VBP,DT,JJ,NN,VBZ,DT,NN,TO",1
102,"DT,NN,VBZ,IN,DT,PRP,RB,VBZ,PRP,VBZ,DT,CD,PRP,VBZ,PRP$,NN,IN,DT,NN,IN,DT,PRP$,NN,VBZ,PRP,VBZ,IN,JJ,PRP,VBZ,JJ,IN,CC,DT,NN,VBZ,DT,NN,VBZ,RB,IN,PRP,VBZ,IN,DT,NN,IN,DT",1
103,"EX,VBZ,DT,JJ,NN,NN,IN,PRP,VBZ,DT,PRP,VBZ,NNS,VBG,DT,NN,VBZ,JJ,DT,NN,CC,DT,NN,IN,NNS,VBP,VBN,TO,VB,DT,PRP$,NNS,VBP,PRP,VBZ",1
104,"DT,NNP,NNP,NNP,VBZ,DT,CD,NN,JJ,NNS,VBP,TO,DT,PRP,VBP,IN,JJ,DT,NN,VBZ,DT,VBZ,DT,JJ,NN,IN,DT,NN,IN,CD,DT,NNS,VBP,PRP,VBP,IN,DT,JJ,DT,MD,VB,PRP,VBZ,PRP$,NNS,MD,VB,TO,NNS,MD,VB,PRP,WP,PRP,IN,CC,VBP,RB,DT,NN,VBZ,IN,PRP,VBZ,NNS,TO,VB,IN,DT,NN,IN,EX,VBP,RB,CD,JJ,NNS,IN,DT",1
105,"DT,NN,VBZ,IN,DT,PRP,VBZ,IN,DT,PRP,VBZ,DT,NN,PRP,VBZ,TO,PRP,VBZ,DT,DT,NN,VBZ,VBN,IN,EX,VBZ,DT,NN,IN,DT,PRP,VBZ,CD,NNS,DT,NN,VBZ,IN,PRP,VB,PDT,DT,NN,PRP,VBZ,RB,IN,DT,PRP,PRP$,NN,CC,CD,NNS,VBP,PRP,VBZ,RB,VB,TO,PRP,VBZ,IN,IN,DT,NNS,VBP,PRP,DT,JJ",1
106,"DT,NN,VBZ,DT,NN,IN,DT,PRP,VBZ,PRP,CC,PRP$,JJ,NN,DT,PRP,VBP,IN,EX,VBP,NNS,NN,PRP,VBP,PRP,VBP,PRP,VBP,CD,CD,IN,NN,DT,NN,VBZ,DT,DT,NNS,VBP,DT,NN,RB,IN,NNS,VBP,IN,NNP,NNS,VBP,DT,NN,WRB,PRP,VBP,NNP,IN",1
107,"IN,EX,VBZ,DT,NN,IN,NN,JJ,NNS,DT,NNP,PRP,VBZ,NNP,IN,PRP,VBZ,NNP,JJ,NNS,IN,DT,JJ,DT,VBZ,DT,JJ,IN,NNP,NNP,NNS,VBP,IN,DT,NNS,VBP,RB,JJ,IN,NNP,PRP,VBP,IN,PRP,VBZ,RB,TO,VB,DT,NN,IN,DT,PRP,VBZ,TO,VB,IN,DT,NN,IN,JJ,NNPS,JJ,NNP,CD,IN,PRP,VBZ,IN,DT,NN,MD,VB,NNP,NN,IN,PRP,VBZ,IN,DT,NNP,NNPS,VBZ,VBG,TO,VB,NNS,IN",1
108,"DT,NN,VBZ,IN,DT,PRP,VBZ,TO,VB,RP,DT,VBG,PRP,VBZ,DT,NN,IN,DT,NN,DT,NN,VBZ,IN,DT,DT,NN,VBZ,IN,DT,NN,VBZ,DT,DT,NN,VBZ,VB,JJ,PRP,VBP,DT,NN,IN,DT,PRP,VBD",1
109,"PRP,VBZ,DT,NN,NNPS,VBP,PRP,VBP,DT,NNS,IN,DT,NNS,VBP,CD,NNS,IN,NNP,NNS,VBP,IN,NN,CC,JJ,NNS,VBP,IN,DT,NNP,IN,DT,PRP,VBP,TO,VB,PRP$,NNS,RB,VBP,JJ,PRP,VBP,IN,DT,NN,MD,VB,PRP,VB,NN,IN,DT",1
110,"DT,NN,VBZ,IN,DT,NN,IN,PRP,VBZ,IN,DT,DT,NN,VBZ,DT,NN,VBZ,DT,NNS,VBP,DT,NNS,IN,DT,DT,NN,NN,DT,NN,VBZ,JJ,IN,DT,EX,VBZ,DT",1
111,"DT,NN,VBZ,VBG,DT,NN,NN,PRP,VBZ,IN,DT,NN,IN,EX,VBZ,DT,DT,NN,VBZ,DT,NNP,EX,VBP,NNS,IN,DT,CD,NN,VBZ",1
112,"IN,CD,TO,CD,CD,NNS,VBP,IN,DT,NNP,NNP,NN,VBD,NNS,IN,NNP,VBP,DT,NNP,NNP,CC,DT,NNP,PRP,MD,RB,VB,RB,IN,PRP,VBP,DT,JJ,NN,IN,DT",1
113,"DT,NN,VBZ,DT,DT,NN,VBZ,DT,DT,NN,IN,DT,NN,VBZ,DT,NN,IN,NN,TO,DT,RB,DT,NN,VBZ,IN,DT,PRP,VBZ,IN,DT,RB,PRP,VBZ,DT,NN,CC,PRP,VBZ,DT,NN,VBZ,DT,DT,NN,VBZ,DT,NN,PRP,VBZ,TO,VB,DT,NN,DT,DT,NN,VBZ,RB,VB,PRP,VBZ,RB,IN,CD,DT,VBZ,RB,CD,JJ,DT,NN,VBZ,DT,DT,NN,VBD,IN,DT,NN,RB,DT,NN,VBZ,RBR",1
114,"IN,NNP,NN,VBZ,RP,DT,DT,NN,VBZ,IN,DT,DT,NN,VBZ,IN,JJ,NNS,VBP,DT,JJ,NN,NN,VBZ,TO,DT,PRP,VBP,IN,DT,NN,VBZ,JJ,NNP,NNS,VBP,RP,RBR,IN,DT,PRP,VBZ,VBN,TO,VB,PRP,VBZ,RB,VBN,TO,VB,DT,NN,VBZ,NN,IN,DT,NN,DT,NN,VBZ,IN,DT,JJ,PRP,VBZ,RP,CD,NNS,IN,DT,NN,VBZ,IN,PRP,VBZ,PRP,VBZ,IN,PRP$,NNS,VBP,DT,JJ",1
115,"DT,NN,VBZ,NNS,VBP,IN,PRP,VBZ,DT,JJ,PRP$,NN,VBZ,IN,PRP,VBZ,NN,PRP$,NN,VBZ,PRP,VBZ,PRP,VBZ,IN,PRP,VBZ,DT,NN,IN,PRP$,PRP,VBZ,DT,NN,IN,PRP$,PRP$,NN,VBZ,DT,NN,IN,DT,PRP,VBZ,PRP,TO,DT,NNS,VBP,DT,NN,NN,IN,DT,PRP,VBP,DT,JJ,NN,PRP,VBP,DT,DT,NN,VBZ,RB,VBG,RBR,IN",1
116,"NNP,NNP,VBZ,NNP,IN,EX,VBZ,DT,PRP,VBZ,NN,IN,DT,NNP,IN,CD,NNS,VBP,DT,NNP,NNP,NNS,IN,DT,PRP,VBZ,IN,PRP,VBZ,TO,VB,NN,CC,IN,DT,PRP,VBZ,NN,TO,DT,NNS,IN,DT,NNS,IN,NNP,VBZ,PRP,VBZ,DT,JJS",1
117,"DT,NN,NN,VBZ,VBG,NN,IN,DT,VBZ,DT,JJ,EX,VBP,CD,NNS,CC,CD,PRP,VBP,IN,DT,IN,DT,CD,NN,NNS,IN,PRP,VBZ,IN,PRP,MD,VB,PRP,MD,RB,VB,TO,DT,NN,TO,VB,PRP,IN,DT,DT,VBZ,RB,JJ,IN,DT,DT,NN,NN,NN,VBZ,IN,NN,VBZ,EX,VBZ,RB,DT",1
118,"DT,NN,IN,NNP,VBZ,DT,JJS,NN,IN,DT,PRP,VBZ,CD,DT,VBZ,RB,CD,PRP$,NN,MD,VB,PRP,MD,VB,JJ,NN,WRB,PRP,VBZ,NN,PRP,RB,VBP,TO,VB,PRP$,PRP,VBZ,PRP$,NN,DT,MD,VB,DT,JJ,DT,NN,VBZ,JJ,NNS,VBP,IN,PRP$,PRP$,NN,NN,VBZ,DT,JJ",1
119,"DT,NN,VBZ,IN,DT,PRP$,NN,VBZ,PRP,VBZ,TO,PRP,VBZ,RB,VB,TO,DT,VBZ,IN,DT,NNP,VBZ,VBN,PRP,MD,VB,IN,PRP,VBZ,DT,NN,TO,VB,TO,NNP,VBZ,DT,JJ,NN,PRP,VBZ,CD,NNS,PRP,VBZ,JJ,IN,PRP,PRP,VBZ,TO,VB,DT,NNS,CC,NNS,IN,JJ,PRP,VBZ,TO,VB,TO,PRP,VBZ,JJ,NNS,TO",1
120,"DT,NN,VBZ,IN,NNP,IN,NNS,NN,PRP,NN,IN,PRP,RB,VBP,NNP,NNP,NNP,TO,VB,DT,VBZ,DT,JJ,NN,JJR,NNS,IN,NNP,IN,DT,NNP,VBP,NNS,IN,PRP,VBP,NNP,PRP,VBZ,DT,NN",1
121,"EX,VBZ,DT,NN,IN,DT,NN,NN,DT,NN,VBD,VBD,VBN,IN,NNP,NNP,NN,IN,PRP$,NN,VBZ,CD,NNS,PRP$,NN,VBZ,DT,VBZ,DT,JJ,NN,VBD,VBN,IN,DT,PRP,VBZ,DT,NN,IN,DT,NN,NN,IN,NNP,DT,NNS,VBP,IN,NN,WDT,VBP,RB,VB,IN,DT,JJ,NNS,VBP,TO,VB,DT,NN,CC,DT,NN,IN,DT,JJ",1
122,"IN,DT,NN,IN,NNS,VBP,IN,PRP$,NN,DT,NN,VBZ,PRP,VBZ,RB,NNS,VBP,PRP,'',PRP,VBZ,CD,NNS,DT,VBZ,CD,NNS,RBR,IN,PRP,VBZ,RB,JJ,TO,VB,DT,PRP,MD,VB,TO,PRP,MD,VB,DT,NN,IN,NNS,VBP,DT,NN,IN,DT,PRP,VBZ,RB,JJ,NN,CC",1
123,"DT,JJ,NNP,NNP,VBZ,NNS,IN,CD,NN,VBZ,RB,PRP,VBZ,DT,DT,JJ,VBZ,IN,DT,NN,IN,DT,NN,VBZ,DT,JJ,DT,VBZ,RB,RB,IN,DT,NN,VBZ,RB,JJ,NNS,VBD,PRP,VBZ,PRP,DT,NN,VBD,TO,VB,NNS,IN",1
124,"NNS,IN,NNS,VBP,IN,PRP,VBP,DT,JJ,NN,NNP,PRP,VBZ,DT,DT,NNS,VBP,IN,PRP,VBZ,NNS,IN,DT,NN,TO,PRP$,NN,CC,CC,PRP,RB,VBP,DT,DT,NNS,VBP,DT,NN,TO,VB,PRP$,DT,NN,NNS,TO,PRP$,NNS,IN,VBG,TO,DT,EX,VBP,JJ,NNS,IN,DT,CC,PRP,VBZ,RB,RB,JJ,IN,PRP,MD,VB,IN,DT,JJ",1
125,"DT,JJ,NN,VBD,IN,DT,NN,IN,DT,NN,NN,IN,NNP,JJ,DT,NN,VBD,VBN,CC,VBD,TO,VB,TO,DT,NN,VBD,PRP,TO,VB,PRP,RB,NNP,VBD,IN,JJ,NNS,VBP,VBG,DT",2
126,"NNP,NNP,NNP,VBD,DT,JJ,JJ,DT,NN,VBD,DT,JJ,NN,TO,VB,IN,JJ,NNS,TO,DT,DT,NN,VBD,PRP,IN,DT,NN,IN,DT,NNP,NNP,NNP,IN,DT,NN,VBD,DT,NN,IN,DT,NNS,IN,NNP,CC,PRP,VBD,DT,JJ,DT,NN,VBD,IN,IN,CD,NNS,IN,DT,JJ,PRP,VBD,IN,IN,DT,DT,NN,MD,RB,VB,VBG,RB,CC,VBG,RB,PRP,MD,RB,VB,PRP$,NN,IN,CD,NN,TO,CC,WRB,NNS,VBP,PRP,MD,VB,TO,VB,NNS,CC,MD,VB,PRP$,DT,JJ,NN,TO,NNS,VBZ,DT,NN,IN,IN,PRP$,JJ,DT,JJ,NNS,MD,NN,PRP$,NN,IN,DT,NN,VBZ,TO,VB,NNS,IN,DT,NN,CC,VB,JJ,NNS,TO,VB,DT,JJ,PRP,VBZ,TO,VB,JJ,CC,JJ,NN",2
127,"NNS,IN,DT,NN,IN,NNP,VBD,DT,NN,TO,VB,PRP,VBD,PRP,TO,VB,DT,NN,IN,EX,VBD,NNS,RB,PRP,VBD,IN,EX,VBD,RB,CD,JJ,JJ,PRP,VBD,DT,NNS,TO,VB,DT,NN",2
128,"DT,NN,IN,DT,NNP,NNP,VBD,PRP,VBD,DT,NN,VBD,PRP,CC,PRP,VBD,RB,DT,JJ,NN,VBD,RB,CD,NNS,IN,DT,NN,VBD,PRP,TO,PRP,VBD,JJ,IN,DT,NN,TO,VB,PRP$,NNS,NN,DT,NN,IN,DT,DT,CD,NNS,VBD,CC,PRP,VBP,TO,VB,IN,NNS,IN,DT,NN,IN,NNP,RB",2
129,"WRB,PRP,VBP,DT,NN,PRP,MD,VB,IN,DT,JJ,NN,IN,DT,NN,CC,IN,CD,JJ,PRP,RB,RBR,VBZ,DT,NN,IN,NNP,VBZ,RB,IN,DT,NN,IN,PRP,VBD,DT,IN,DT,JJ,NNS,IN,NNS,TO,DT,NN,IN,DT,NNP,NN,NN,VBZ,IN,TO,VB,RB,DT,NN,NN,VBZ,RB,PRP,VBZ,IN,DT,JJ,NN,MD,VB,PRP$,NN,RBR,DT,IN,NNS,VB,IN,PRP,VBZ,IN,DT,CD,IN,PRP,VBD,IN,IN,PRP,VBZ,RB,DT,NN,PRP,VBZ,RB,VB,IN,PRP,VBZ,DT,NN,CC,DT,JJ,NN,VBZ,DT,PRP,RB,VBZ,JJ,IN,PRP$,NNS,MD,VB,RB,IN,DT,NNS,RB,VBP,DT,NNS,MD,VB,IN,NN,IN,IN,JJS,CD",2
130,"DT,NN,VBD,DT,NN,CC,JJ,CD,NNS,IN,NNP,DT,NN,VB,DT,JJ,NN,IN,NNP,VBD,DT,CC,VB,IN,DT,NN,RB,VBD,RP,CC,VBD,CC,NNS,VBD,DT,NN,VBZ,DT,JJ,NNP,VBD,NNP,PRP,VBD,IN,DT,NN,CC,VB,NN,NNS,VBP,IN,DT,NN,VBD,RB,DT,NN,IN",2
131,"NNP,NNP,VBD,CD,NNS,NNP,VBD,DT,JJ,CD,JJ,NN,IN,PRP$,NN,IN,NNP,VBD,WDT,PRP$,NN,VBD,DT,VBG,PRP,VBZ,WDT,PRP,MD,VB,DT,NN,IN,PRP,VBD,VBG,PRP$,NNS,IN,PRP$,DT,NN,VBZ,CC,CD,PRP,VBZ,NN,IN,DT,CD,CD,NN,TO,WDT,VBD,DT,NN,VBZ,DT,JJ,NN,WDT,VBD,JJ",2
132,"NNS,VBD,RP,DT,NNS,IN,JJ,NNS,DT,IN,DT,PRP,VBD,NNP,PRP,VBD,NN,IN,DT,NN,TO,VB,NN,TO,VB,PRP,VBD,DT,CD,JJ,NN,IN,NNP,RB,NNS,VBD,PRP,IN,DT,JJ,CD,NNS,CC,NNS,VBD,NN,IN,DT",2
133,"DT,NN,IN,DT,NN,IN,NNP,VBD,PRP$,NN,IN,DT,NNS,VBD,CD,NNS,IN,NNS,CC,DT,CD,PRP,VBD,DT,IN,DT,TO,VB,DT,JJ,NN,IN,DT,NN,DT,NN,VBZ,TO,VB,PRP$,NNS,CC,NNS,VBP,IN,NN,MD,VB,DT,NN,IN,CD,NN,VBZ,DT,NN,IN,DT,NNS,PRP,RB,VBD,IN,PRP,VBZ,PRP$,DT,NNS,RB,VBP,IN,RB,IN",2
134,"DT,NNP,NNP,NNP,NNP,VBD,VBG,TO,VB,VBN,IN,NNP,IN,NNP,NNP,NNP,CC,PRP,VBD,TO,VB,DT,CD,NN,NNS,VBD,RB,JJ,IN,NNS,MD,RB,NNS,IN,NNS,VBD,IN,DT,DT,IN,PRP,VBD,CC,VBD,DT,IN,NNS,VBD,RBR",2
135,"IN,NNP,DT,NN,IN,NN,VBD,JJ,TO,DT,JJ,DT,NNS,RB,VBD,IN,JJ,NNS,CC,VBD,IN,DT,CC,RB,DT,JJS,DT,NN,VBD,RB,IN,DT,VBD,CD,CC,VBD,CD,NNS,VBD,IN,JJ,NNS,WP,MD,VB,IN,CD,NNS,VBD,TO,CD,NN,VBD,IN,PRP,VBD,TO,DT,NN,IN,DT,CC,DT,NN,VBD,PRP,CC,VBD,PRP,VBD,IN,RB,DT,NN,VBD,RB,TO,CC,WP,MD,PRP,VB",2
136,"CD,NNS,NNS,VBD,DT,NN,CC,PRP,RB,IN,PRP,VBD,IN,DT,DT,NN,VBD,DT,NN,NN,VBZ,IN,DT,NN,VBD,DT,JJ,NN,TO,VB,RB,IN,JJ,DT,NN,VBD,NNS,CC,DT,NN,VBN,IN,PRP,IN,DT,JJ,DT,NN,NN,VBD,IN,DT,NN,VBD,DT,CC,PRP,VBZ,IN,DT,NN,VBD,DT,NN,NN,IN,PRP,VBD,DT,PRP,VBD,IN,RB,DT,NN,VBZ,RB,IN,DT,NN,PRP,VBZ,IN,PRP,CC,NNS,IN,PRP,VBP,RB,JJ",2
137,"DT,JJS,JJ,NNS,IN,NNP,VBP,VBN,VBN,IN,EX,VBP,RB,CD,JJ,NNS,IN,NNS,IN,VBP,JJR,CC,PRP,VBP,IN,NNS,VBD,JJ,NN,IN,DT,NNS,CC,VBD,DT,CD,NN,IN,DT,NNS,CC,NN,VBD,VBN,IN,DT,NN,NN,IN,DT,JJ,NNP,IN,NNS,VBP,IN,JJS,IN,DT,NNS,VBP,EX,VBD,IN,JJS,CD,NNS,IN,JJ,NNS,VBP,RB,NNS,VBP,IN,DT,NN,MD,VB,PRP$,NN,IN,JJ,NN,IN,NNP,CC",2
138,"NNS,VBD,DT,NN,IN,NNP,NNP,IN,CC,RB,PRP,VBZ,IN,DT,JJ,PRP$,NN,VBD,IN,PRP,VBD,RB,IN,DT,NN,VBD,PRP$,DT,JJ,NNS,CC,DT,NN,VBD,IN,DT,NN,VBD,JJ,IN,DT,CC,IN,PRP,VBZ,NNS,RB,VBP,DT,NN,IN,PRP$,NN,CC,NN,IN,PRP$,NN,VBZ,JJ",2
139,"NNP,VBZ,DT,JJ,NN,IN,PRP,VBZ,VBN,IN,DT,JJ,JJ,NN,IN,WDT,VBZ,VBN,IN,DT,NNP,IN,EX,VBZ,DT,NN,IN,JJ,NNS,IN,DT,NN,WP,VBP,VBN,RB,PRP,VBD,IN,NNS,WP,VBD,TO,VB,DT,DT,JJ,NN,VBD,VBG,DT,NNS,IN,DT,NN,IN,DT,NN,NN,IN,DT,JJ,VBD,IN,PRP,VBP,RB,VB,IN,NNS,DT,PRP$,NNS,VBP,JJ,RBR,NNS,TO,DT",2
140,"DT,JJ,NN,VBZ,DT,JJ,NN,IN,NNP,IN,NNP,JJ,NNS,JJ,NNS,IN,PRP$,DT,NN,VBZ,NN,IN,NN,NNS,IN,NNP,CD,CC,NN,NNS,IN,NNP,CD,EX,VBP,IN,JJ,CD,NNS,IN,NNP,DT,NN,IN,DT,NNS,VBP,DT,JJ,NN,IN,CD,CD,JJ,NNS,CD,CD,DT,NN,VBZ,CD,NNP,IN,NNP,CD,CD,NNS,VBN,CC,VBN,IN,JJ",2
141,"DT,NN,VBD,DT,JJ,NN,NN,IN,DT,NN,IN,NNP,NN,VBD,IN,PRP,VBD,IN,RB,JJ,NN,WRB,NNS,VBD,PRP,VBD,RB,VBD,VBN,CC,JJ,NNS,CC,VBD,IN,DT,NN,WDT,VBD,PRP,VBZ,VBG,NNS,TO,VB,NNS,IN,DT,NNS,VBP,IN,PRP,MD,VB,DT,NN,IN,NNS,TO,VB",2
142,"NNP,NNP,VBD,TO,VB,DT,CC,DT,NNP,PRP,VBD,DT,NN,NN,TO,DT,NNP,NNS,JJ,DT,NN,NN,VBN,TO,VB,TO,DT,CC,DT,JJ,NN,VBD,IN,PRP,TO,VB,PRP,VBZ,DT,JJS,JJ,PRP,VBZ,DT,NN,NN,DT,NN,IN,DT,NN,VBZ,VBG,RBR,CC,RBR,NNP,NNP,VBZ,TO,VB,DT,NNP",2
143,"DT,NN,VBD,VBG,IN,NNP,WRB,NN,VBN,IN,PRP,VBZ,PRP,VBD,DT,PRP,VBD,DT,NN,IN,IN,DT,JJ,CD,DT,NN,VBD,TO,VB,RP,IN,PRP,RB,VBD,DT,PRP,VBZ,PRP,JJS,NNS,VBP,RP,WRB,PRP,VBP,DT,NNS,VBP,CC,PRP,VBP,JJ,CD,NNS,IN,DT,DT,NN,VBZ,PRP,VBD,DT,NN,IN,NN,IN,RB,PRP,VBZ,IN,NNP,CC,NNP,PRP,VBZ,TO,VB,DT",2
144,"IN,DT,JJ,NN,VBD,NNS,IN,DT,NN,IN,PRP,VBD,DT,NN,IN,PRP,IN,DT,NN,VBD,PRP,VBG,DT,NN,IN,PRP,VBD,IN,DT,NN,IN,DT,NN,CC,NN,NNP,VBD,DT,NN,IN,NN,IN,DT,NN,CC,VBG,PRP,VBD,RB,VBN,CC,PRP,VBZ,TO,VB,TO,NN,IN,DT",2
145,"DT,JJ,NNP,NN,VBD,DT,NN,IN,DT,JJ,PRP,VBD,DT,JJ,NN,IN,DT,NNP,TO,VB,PRP,VBD,DT,NN,CC,RB,VBD,IN,PRP,VBD,RB,IN,PRP,VBD,IN,PRP,VBD,DT,RB,PRP,VBD,IN,WP,PRP,VBZ,PRP,VBZ,IN,DT,NNS,MD,VB,DT,RB,PRP,VBZ,TO,VB,DT,JJ,NNS,RB,IN,PRP,MD,VB,IN,DT,NN,IN,DT,CD,DT,NN,VBZ,IN,PRP,VBD,NNS,TO,VB,IN,WP,PRP,VBP",2
146,"NNS,IN,NNP,VBD,DT,JJ,PRP,VBZ,RB,PRP,VBD,PRP,IN,PRP,VBD,RB,VB,TO,VB,VBN,IN,DT,JJ,PRP,VBZ,DT,PRP,VBD,CD,PRP,VBZ,RB,DT,NN,IN,CD,IN,DT,RBS,JJ,NN,IN,NNPS,VBP,IN,PRP,VBZ,DT,NN,IN,NNP,PRP,VBD,NNP,IN,CD,NNS,IN,CD,NNS,NNPS,MD,VB,DT,NNS,IN,DT,NN,RB,CC,VB,PRP,IN,DT,NNP,NN,IN,DT,JJ,JJ,NN,VBD,DT",2
147,"IN,NN,NNS,VBD,DT,JJ,NN,NNP,DT,NNP,NNP,TO,VB,PRP,VBD,PRP,CD,NNS,TO,VB,DT,JJ,NN,IN,DT,JJ,JJ,NNP,VBD,TO,NNP,NNP,IN,NNP,CC,NNS,CC,NNS,VBD,JJ,TO,VB,DT,NNP,NNP,RB,VBD,TO,VB,RP,NN",2
148,"NNS,IN,DT,JJ,NN,VBD,VBN,WRB,PRP$,NN,NN,VBD,PRP,VBD,DT,NN,WRB,DT,CC,IN,DT,NN,VBD,PRP,VBD,RB,VBN,IN,DT,NN,VBD,PRP,VBD,JJ,IN,IN,NN,WDT,VBD,VBN,TO,VB,DT,NN",2
149,"IN,DT,NNP,NNP,IN,DT,DT,JJ,NNP,NN,VBZ,DT,JJ,NN,TO,CD,JJ,NN,DT,NN,NN,CC,VB,DT,RB,DT,NN,VBD,VBN,IN,NNP,CC,NNS,VBD,RB,IN,PRP$,NN,VBD,DT,NN,VBZ,DT,JJ,NN,TO,NNS,IN,DT,NN,WDT,VB,TO,VB,CC,VB,PRP,RB,VBZ,DT,NN,IN,IN,DT,NN,VBZ,VBN,IN,JJ,NN,NNS,PRP,VBD,VB,NN,IN,NN,CC",2
150,"EX,VBZ,DT,NN,NN,IN,NNS,CC,NNS,IN,PRP,VBZ,JJ,NNS,IN,NN,IN,PRP$,NN,MD,VBP,DT,VBP,JJ,VBP,IN,DT,CC,VBP,VB,NN,NNS,IN,DT,JJ,DT,NN,NN,VBD,IN,IN,PRP,VBP,DT,PRP,VBP,TO,VB,IN,PRP,MD,VB,PRP,IN,VB,CC,VBD,PRP,DT,VBZ,JJR,IN,DT,NN,IN,DT,JJ,NNS,CC,NNS,VBP,RB,DT,NN,NNS,IN,CD,NNP",2
151,"DT,NN,VBD,DT,JJ,NN,IN,PRP,VBD,DT,VBG,NN,IN,DT,EX,VBD,CD,NNS,RB,CC,DT,NN,VBD,DT,NN,DT,NN,IN,NNS,VBD,CC,DT,NN,IN,DT,NNS,VBD,IN,JJ,IN,DT,NNS,VBD,IN,DT,DT,VBG,NN,VBD,RB",2
152,"DT,NN,VBD,IN,DT,NN,IN,DT,NN,IN,NNS,PRP,VBD,RB,IN,DT,NN,IN,DT,NN,VBD,DT,NN,WRB,PRP,VBD,TO,DT,NN,RB,VBD,IN,DT,NN,CC,NN,IN,DT,PRP,VBD,RB,IN,VBN,IN,DT,DT,NN,RB,VBD,VBN,IN,DT",2
153,"DT,JJ,NN,VBD,NNS,WP,VBD,IN,PRP,VBD,DT,NN,VBZ,CD,NNS,PRP,VBZ,DT,JJS,JJ,NN,TO,VB,JJ,NNS,VBD,TO,VB,IN,NNS,VBP,RB,RB,JJ,NNS,IN,NNP,CC,DT,NNS,VBD,DT,NNS,WRB,DT,NN,VBD,IN,NN,IN,DT,PRP,VBD,DT,NN,IN,NNP,PRP,VB,WRB,DT,NNS,VBP,CD,NN,VBZ,IN,DT,NNS,VBP,VBN,IN,IN,JJ,NNS,CC,JJ",2
154,"NNP,NN,VBG,NN,VBD,IN,NNP,NN,IN,NNS,VBN,IN,JJ,NN,JJ,NN,VBD,DT,NN,IN,DT,CD,NNS,IN,CD,VBD,JJ,NNS,IN,DT,NN,VBN,IN,DT,NN,DT,NN,VBD,CD,NNS,CC,CD,NNS,TO,VB,DT,NNS,IN,RB,TO,DT,NN,IN,NNS,VBD,DT,JJS,NNS,IN,DT,NNS,IN,DT",2
155,"DT,NN,IN,NNP,VBZ,DT,JJS,JJ,NN,IN,DT,PRP$,NN,VBZ,NNP,CC,PRP,VBZ,DT,NNP,PRP$,NNS,VBD,IN,PRP,MD,VB,CD,NNS,CC,PRP,VBD,TO,DT,NN,IN,DT,NN,IN,CD,PRP,VBZ,RB,IN,CD,NNS,CC,CD,NNS,DT,NN,VBZ,CC,DT,NN,VBD,IN,PRP,MD,RB,VB,DT,NN",2
156,"NNP,VBZ,DT,JJ,NN,IN,NNS,CC,NNS,VBD,VBG,PRP,WRB,EX,VBD,DT,DT,NN,VBD,DT,CC,DT,NN,IN,JJ,CC,JJ,VBD,DT,DT,NN,VBD,IN,JJS,JJ,CD,NNS,VBD,TO,NN,IN,NN",2
157,"DT,NN,VBZ,IN,DT,NN,PRP,VBZ,VBN,NN,RB,PRP,VBN,PRP$,NN,TO,VB,RP,DT,DT,NN,VBZ,CD,CC,PRP,VBZ,RB,VBN,TO,VB,RB,JJ,DT,JJ,NN,VBZ,DT,RB,JJ,PRP,VBD,IN,PRP,NNS,VBG,NNS,NN,CC,PRP,VBZ,IN,DT,NN,NN,PRP,VBZ,IN,DT,NN,IN,DT,NNS,VBZ,IN,NN,TO,PRP,RB,VBZ,PRP,JJ,IN",2
158,"IN,DT,NN,IN,DT,NN,IN,NNP,VBD,IN,DT,DT,VBD,DT,NN,IN,DT,IN,DT,JJ,JJ,DT,NN,NNS,VBP,IN,DT,NN,MD,VB,DT,NNP,NNP,NN,IN,DT,NN,JJ,NN,CC,VB,RB",2
159,"DT,JJ,NN,VBD,IN,DT,NN,IN,DT,JJ,NNS,VBD,PRP,RB,VBD,IN,PRP,MD,RB,VB,IN,DT,NNS,VBD,TO,VB,PRP,VBG,DT,NN,VBD,VBN,RB,IN,DT,JJ,NNS,VBP,RB,PRP,VBP,RBR,JJ,IN,JJ,PRP,VBP,CD,IN,DT,RBS,RB,JJ,NNS,IN,DT,NN,VBD,RB,IN,CD,CC,DT,JJ,NNS,IN,NN,CC,PRP,VBD,RB,CD,CC,JJ,NNS,MD,VB,JJ",2
160,"DT,NN,VBZ,IN,NNP,NNP,WP,VBD,DT,NN,PRP,VBD,IN,DT,NN,IN,NNP,IN,CD,PRP,VBZ,IN,PRP,VBD,RB,JJ,IN,DT,JJ,PRP,VBD,PRP$,JJ,NN,VBG,DT,NNS,VBP,IN,PRP,VBZ,RB,CC,IN,PRP,VBD,PRP,VB,DT,NN,VBD,VBN,IN,DT,PRP,VBZ,JJ,IN,PRP$,CC,PRP,VBZ,VBG,PRP,VBZ,DT,JJ,NN",2
161,"NNS,VBD,DT,JJ,NN,IN,DT,NN,NN,NN,IN,NNP,RB,IN,DT,PRP,VBD,IN,PRP,VBD,RB,JJ,NN,IN,PRP,VBD,PRP,RB,IN,PRP,VBD,DT,CD,NNS,VBP,VBN,PRP,VBD,RP,IN,PRP,VBD,DT,JJ,CC,IN,PRP,VBZ,VBG,IN,NN,IN,IN,DT,NNS,VBP,IN,PRP,VBP,RB",2
162,"DT,NN,VBD,DT,PRP,VBZ,DT,NN,WDT,VBZ,DT,NN,VBZ,DT,NN,TO,VB,IN,NNS,IN,NNS,VBP,RBR,JJ,IN,NNS,DT,NN,VBZ,NNS,IN,DT,JJ,DT,NN,VBZ,TO,JJ,NNS,JJ,CD,CC,CD,JJ,NNS,VBD,PRP,VBD,RB,VBN,IN,JJ,NNS,CC,IN,NNP,NNS,NNS,WDT,VBP,JJR,IN,CD",2
163,"DT,JJ,NN,VBD,PRP$,JJ,DT,NN,VBZ,DT,JJS,NN,IN,PRP,VBZ,IN,CD,CD,NNS,IN,DT,NN,VBD,PRP$,TO,DT,NN,CC,PRP,VBD,PRP$,NN,IN,NNS,MD,VB,DT,NN,IN,DT,NN,IN,DT,NN,IN,DT,NNS,VBD,JJ,NNS,IN,NN,CC,CC,NN,NNS,NN,PRP,DT,NN,VBZ,CD,RB,CD,IN,DT,JJ",2
164,"NNP,VBD,DT,NN,IN,NNP,NNP,IN,NNP,DT,JJ,NN,VBD,NN,IN,NNP,NNS,MD,VB,JJ,CC,JJ,JJ,JJ,IN,JJ,NNS,VBD,NNP,NNP,TO,VB,DT,NNP,NNP,IN,NN,IN,DT,NNS,IN,NNS,IN,PRP,VBD,DT,NN,IN,DT,PRP,RB,VBD,DT,NN,IN,WDT,PRP,VBD,IN,JJ,NN,TO,VB",2
165,"DT,JJ,NN,IN,DT,NNP,VBD,DT,NN,IN,VBD,DT,NN,IN,DT,NNP,VBD,VBN,IN,CD,NNS,CC,CD,PRP,VBD,NNS,IN,DT,DT,NN,VBD,VBN,TO,DT,NN,IN,EX,VBD,NNS,IN,VBD,CC,NNS,IN,VBD,IN,IN,DT,NN,IN,PRP$,DT,VBD,RB,JJ,IN,DT,NNS,TO,DT,JJ,NN,IN,DT,JJ,PRP,VBD,DT,JJ,NN,IN,CD,IN,DT,NNS,VBD,IN,DT,NN,VBD,RB,DT,RBS,JJ,NN,VBD,DT,NN,IN,DT,CD,IN,DT,NNS,VBD,IN,DT,NN,MD,VB,NNP,VBD,DT,NN,CD,NNS,IN,DT,PRP,VBZ,RB,IN,DT,NN,IN,DT,JJ,NN,NNS,VBP,IN,PRP,MD,VB,DT,JJ,CC,JJ,NN",2
166,"IN,PRP,VBD,RP,IN,DT,JJ,NN,VBD,RB,IN,DT,NNP,NNP,IN,CD,IN,PRP,VBD,DT,JJ,NN,PRP,VBD,NNS,TO,VB,RP,DT,NN,IN,DT,NN,VBD,JJ,NNS,VBN,IN,WRB,PRP,VBD,IN,DT,NNP,CC,PRP,VBD,RB,VB,WRB,DT,NN,VBD,TO,NN,IN,PRP,VBD,TO,DT,NN,VBD,RB,TO,PRP$,CC,VBD,PRP$,IN,PRP,VBD",2
167,"NNS,IN,DT,NN,IN,DT,NNP,VBD,DT,IN,DT,NNS,DT,NNS,VBP,DT,CC,DT,JJ,VBD,DT,DT,NN,NN,VBD,NN,IN,DT,JJ,NN,DT,NN,VBZ,TO,VB,JJR,NN,IN,DT,NN,VBZ,VBN,TO,IN,CD,NNS,IN,IN,CD,CC,PRP,VBZ,IN,CD,CD,NNS,DT",2
168,"IN,DT,NN,IN,JJ,NNS,VBD,CC,IN,CD,VBD,DT,NN,VBD,NN,IN,DT,NN,RB,IN,DT,NN,VBD,DT,NN,VBD,DT,NNS,IN,NN,IN,DT,NNP,NNP,PRP,VBZ,NNS,VBG,IN,NN,IN,VBG,DT,JJ",2
169,"IN,DT,NN,CC,NN,VBD,IN,DT,CC,DT,NN,IN,NN,VBD,DT,IN,DT,JJ,DT,NN,NN,VBD,DT,NN,NN,IN,DT,NN,CC,VBD,PRP,PRP,VBD,TO,VB,WP,VBD,IN,PRP,VBD,PRP,CC,VBD,DT,JJ,NN,IN,DT,NN,IN,DT,JJ,NN,NN,IN,DT,VBZ,DT,NN,IN,DT,DT,NN,VBZ,IN,DT,NN,VBZ,RB,JJ,TO,VB,CC,DT,NN,VBP,RB,VBG,IN,DT",2
170,"DT,NN,IN,NNS,VBD,DT,NN,IN,DT,DT,NN,VBZ,WRB,PRP,VBD,CC,DT,JJ,NN,VBD,DT,JJ,NN,VBD,VBN,TO,DT,JJ,DT,NN,VBD,RB,VBN,TO,DT,JJ,NN,CC,VBN,IN,DT,DT,NN,VBD,TO,IN,JJS,CD,NNS,CC,PRP,VBD,TO,VB,RP,RB,IN,CD,DT,JJ,NNS,RB,VBD,PRP$",2
171,"IN,DT,NN,IN,NNS,IN,NNS,CC,PRP$,NNS,VBD,TO,NNP,NN,VBZ,DT,NN,CC,NN,IN,DT,IN,DT,NN,VBD,TO,VB,DT,NN,VBD,CD,NNP,CC,VBG,NN,VBZ,RB,VB,NN,IN,NNS,VBN,JJ,JJ,IN,DT,NNS,MD,NN",2
172,"JJS,NNS,VB,CC,CD,NN,IN,NNP,VBZ,DT,PRP,VBZ,DT,NN,NN,WDT,VBZ,PRP,DT,PRP,VBZ,RB,CD,JJ,NN,IN,DT,CC,CD,NN,IN,PRP,VBZ,IN,NNS,VBP,NN,NNS,CC,NN,IN,JJ,NN,TO,VB,DT,NN,IN,DT,JJ,NNS,VBP,NN,IN,DT,NNS,IN,PRP$,NN,DT,NN,WRB,VBZ,DT,NN,VBZ,JJ,IN,PRP$,NN,NN",2
173,"PRP,MD,VB,CC,DT,NN,IN,NNP,RB,VBZ,TO,DT,NN,VBD,DT,NNS,WRB,PRP,VBD,CC,VBD,IN,DT,NN,CC,VBD,TO,RB,RB,DT,JJ,NN,VBD,VBG,DT,NN,IN,PRP$,DT,NN,VBZ,VBG,CC,NNS,VBP,VBG,JJS,NNS,VBP,RB,VBN,DT,NN,IN,DT,DT,NN,VBZ,PRP,JJ,CC,PRP,VBZ,NN,TO,DT",2
174,"NN,NNS,VBD,DT,NN,NN,RB,CC,VBD,PRP,VBD,VBG,TO,VB,IN,DT,NN,IN,DT,NNS,VBD,PRP,TO,DT,NN,PRP,VBD,CC,JJ,IN,NNS,VBD,PRP,NN,CC,CC,PRP,VBD,RB,PRP,MD,RB,VB,DT,JJ,NN,IN,DT,NN",2
175,"DT,NN,NN,IN,DT,NN,NN,IN,DT,NN,IN,VBG,TO,DT,EX,VBP,IN,JJS,CD,JJ,IN,DT,JJ,JJ,NNP,VBD,DT,NN,NN,CC,DT,JJ,JJ,PRP,VBD,RB,VB,NN,CC,PRP,VBP,VBG,IN,DT,JJ,NNP,NNP,VBD,IN,DT,NN,VBZ,VBG,NN,IN,PRP$,NN,TO,VB,RP,WP,PRP,RB,VBD,IN,DT,JJ,VB,JJ,CC,JJ,TO,VB,DT,NN,VBD,IN,JJ,JJ,NNS,IN,NNP,CC,DT,NNP",2
176,"DT,NN,VBZ,IN,PRP$,NN,CC,VBZ,NNS,IN,PRP,RB,VBZ,DT,NNS,RB,TO,VB,DT,NN,PRP$,NNS,VBP,PRP,VBZ,VBZ,JJ,CC,PRP,VBZ,IN,PRP$,JJ,NN,VBD,IN,PRP,VBD,TO,VB,CC,PRP,VBD,NN,TO,VB,PRP,VBD,PRP$,NN,CC,VBD,DT,NN,IN,PRP,VBD,RB,IN,PRP,VBD,DT,NN,IN,DT,NN,VBZ,WDT,NNS,VBP,NNS,IN,PRP$,PRP,VBZ,WDT,WDT,VBZ,RB,PRP,VBZ,PRP$,NNS,TO,VB,DT,NN,WDT,NNS,VBP,RB,WP,PRP,VBP,IN,IN,DT",2
177,"DT,JJ,NN,NNS,VBP,NN,VB,DT,JJ,NNP,NNP,PRP,VBD,CD,NN,NNS,IN,PRP$,NN,IN,CD,PRP,VBZ,IN",2
178,"NNP,DT,JJ,NN,VBD,NNS,IN,DT,RB,IN,CD,NNS,VBD,IN,PRP,VBP,PRP,VBD,CD,NN,VBD,DT,NNP,NNP,IN,WDT,VBZ,RB,JJ,NNS,IN,NN,VBD,DT,NN,IN,DT,NN,IN,NNS,DT,WP,VBD,DT,VBD,PRP$,NN,DT,VBN,NN,IN,PRP,VBD,DT,NN,IN,DT,NN,CC,VBD,RP,WP,PRP,DT,NN,IN,DT,NN,VBD,DT,NN,NNP,JJ,NN,WP,VBD,TO,VB,IN,DT,JJ,NN,IN,DT,NN,VBD,PRP,IN,NNP,NNP,NNP,IN,NNP",2
179,"CD,WP,VBP,VBN,IN,NNP,NNP,VBP,VBN,DT,NN,IN,PRP,VBZ,RB,VBN,PRP,VBD,DT,JJ,NN,TO,VB,DT,NN,WRB,CD,IN,PRP,VBD,RB,PRP,VBD,VBN,IN,PRP$,NN,CC,DT,CD,VBP,DT,JJ,NN,NN,WDT,VBZ,IN,CD,NNS,IN,PRP,VBP,VBN,JJ,NNS,IN,JJ,NN,IN,NN,NN,NNS,CC,NN,DT,NNS,VBP,VBN,VBG,DT,IN,DT,JJ,CD",2
180,"DT,NN,NN,IN,NNP,NNP,VBZ,JJ,TO,VB,PRP,VBD,VBG,IN,PRP$,NN,VBD,WRB,DT,NN,NN,VBD,DT,JJ,NN,CC,VBD,DT,EX,VBD,DT,NNS,IN,DT,NN,IN,DT,NN,IN,DT,DT,NN,VBD,RB,NNS,CC,DT,NNS,VBD,VBN,TO,NNP,VBP,IN,DT,NN,NN,VBD,RB,VBN,IN,DT",2
181,"DT,NN,VBD,VBG,TO,VB,IN,DT,CC,PRP,VBD,IN,DT,PRP,VBD,IN,DT,JJ,NN,CC,NN,VBD,PRP,IN,CD,JJ,NNS,VBD,RB,DT,NN,CC,VBD,PRP,VBZ,JJ,IN,DT,NN,VBD,VBN,IN,DT,DT,NNP,CC,NNP,VBP,VBG,DT",2
182,"DT,JJ,NN,VBD,NN,CC,NNS,VBD,PRP$,RB,PRP$,NN,VBZ,DT,NN,IN,VBG,NN,TO,PRP$,DT,NN,VBZ,IN,PRP$,NN,VBZ,JJR,CC,IN,JJR,IN,PRP,VBZ,IN,PRP,VBZ,RB,VB,IN,JJ,JJ,NNS,VBP,VBN,DT,NN,CC,IN,DT,JJR,NNS,VBP,PRP,TO,VB,PRP$,NNP,VBZ,RB,JJ,VBG,TO,JJ,NN,IN,DT,NNP,WDT,VBZ,IN,NNS,VB,NNS,VB,IN,PRP,VB,IN,PRP,VBZ,JJ,IN",2
183,"CD,NN,NN,VBD,VBN,IN,PRP$,IN,PRP,VBP,VBG,VBN,IN,DT,NN,NN,DT,CD,JJ,NNS,CC,PRP$,JJR,NN,VBP,VBG,DT,JJ,NN,IN,PRP$,JJ,NN,PRP,VBP,DT,NN,IN,PRP$,NN,NNS,CC,DT,NN,VBP,VBG,DT,NN,IN,NN,CC,VBG,PRP$,NN,IN,PRP,VBP,RB,JJ,CC,PRP,VBP,VBN,NNS,IN,DT,NN,NN,IN,NNP,CC,PRP,VB,DT,NN,CC,NNS,DT,NN,VBP,VBN,TO,VB,VBN,IN,PRP$,NNS",2
184,"IN,DT,NNP,NNP,IN,EX,VBD,RB,JJ,DT,VBD,DT,NN,IN,DT,NNS,VBP,DT,IN,DT,NNS,CC,RB,PRP,VBD,NN,TO,JJ,NNS,VBD,CD,CC,PRP,VBP,TO,VB,PRP$,NNS,PRP,VBD,DT,NNS,VBP,NNS,CC,VBD,PRP,TO,JJ,PRP,MD,VB,DT,NNS,IN,DT,JJ,NN,NNS,VBP",2
185,"DT,JJ,NN,VBD,DT,JJ,NN,DT,NN,VBZ,CD,DT,NN,VBZ,CC,PRP,VBZ,DT,NNP,NNP,IN,DT,JJ,JJ,DT,CD,NNS,IN,PRP,VBP,VBN,IN,DT,DT,NN,VBZ,TO,VB,VB,PRP,CC,VB,PRP,IN,IN,PRP,VBZ,RB,PRP,VBZ,JJ,NNS,CC,DT,NNS,VBP,DT,NN,RB,VBZ,TO,VB,DT,NN,IN,DT,NNP",2
186,"IN,NN,CC,NNS,VBN,IN,DT,NN,IN,DT,JJ,NNS,VBP,VBN,VBG,RB,IN,IN,DT,NN,IN,PRP,VBP,JJ,NNP,VBD,DT,NNS,IN,JJ,CC,JJ,NNS,IN,PRP$,NN,NNS,TO,VB,IN,DT,NN,IN,PDT,CD,NN,VBD,NN,CC,VBD,PRP$",2
187,"DT,JJ,NN,PRP,VBZ,DT,JJ,NN,IN,DT,JJ,NN,VBZ,IN,NNP,CC,PRP,MD,VB,DT,JJS,JJ,NN,PRP,VBZ,IN,DT,NN,IN,NN,CC,PRP,VBZ,VBN,VBG,IN,PRP,VBD,RB,CD,NNS,DT,NN,WRB,JJS,IN,PRP,RB,VB,IN,DT,PRP,VBZ,RP,DT,NNS,CC,NNS,IN,NNS,IN,PRP$",2
188,"IN,NNS,VBD,VBG,IN,DT,NN,WRB,DT,NN,VBD,RP,IN,CD,NN,VBD,PRP,IN,DT,JJ,NN,IN,JJ,NNS,CC,VBD,NNS,VBN,TO,VB,DT,RB,VBD,CD,IN,DT,NNP,NNPS,VBD,IN,PRP$,NN,NNS,VBP,VBG,IN,WRB,TO,JJ,DT,NN,VBD,RB,VB,WDT,VBD,DT",2
189,"DT,RB,RB,RB,NN,VBD,VBN,IN,PRP,VBZ,DT,DT,NN,CC,DT,JJ,DT,NN,VBZ,DT,NN,WRB,NN,VBZ,VBN,RB,VBG,NN,CC,RB,DT,JJ,NNS,VBP,VBN,CC,CD,NN,VBD,IN,DT,RBS,JJ,NN,VBD,DT,PRP,VBD,IN,DT,NN,MD,VB,VBG,IN,IN,DT,JJ,NNS,VBD,DT,CC,PRP,VBD,CD,NNS,TO,DT,NN,VBD,VBN,TO,DT,NN,JJ",2
190,"DT,JJ,NN,VBD,VBG,RB,RB,IN,DT,NN,WRB,PRP,VBD,DT,PRP,VBD,RP,PRP$,NN,CC,VBD,IN,PRP,VBD,IN,PRP$,NN,DT,NN,VB,IN,DT,NN,VBD,PRP,VBD,IN,PRP,VBD,IN,DT,IN,DT,NN,VBD,DT,NN,IN,DT,JJ,NNS,VBD,IN,PRP,VBD,DT",2
191,"NNP,NNPS,VBZ,DT,JJ,PRP,VBZ,CD,IN,DT,JJS,JJ,CC,MD,PRP,VB,DT,NNP,NNPS,CC,DT,NN,VBD,CD,NNS,IN,DT,NN,IN,DT,JJ,VBD,VBG,RB,NN,DT,NN,VBD,DT,NN,TO,VB,DT,NN,RB,VBD,JJ,IN,IN,DT,CD,NNS,VBD,JJR,IN,CD,IN,DT,JJ,DT,NN,VBD,IN,DT,NN,IN,CD",2
192,"NNS,IN,NNP,VBD,NNS,IN,CD,IN,DT,JJS,DT,NNS,VBD,TO,DT,NN,CC,PRP,VBP,IN,CD,CD,NNS,DT,NNS,VBP,JJ,IN,IN,PRP$,EX,VBP,DT,NN,IN,NNS,RB,VBD,DT,NN,IN,NNS,IN,JJ,DT,NNS,MD,VB,JJ,TO,VB,WP,DT,NNS,JJ,IN,PRP$,JJ,NN,MD,VB,IN,DT,NNS,VBD,TO,VB,JJ,NNP,JJ,NN,VBD,DT,NNS",2
193,"DT,JJ,NN,VBD,IN,PRP,VBD,IN,EX,VBD,CD,NNS,IN,DT,DT,NN,IN,DT,NN,VBD,DT,CD,JJ,NNS,IN,DT,NN,CC,IN,DT,NN,VBD,DT,JJR,DT,NN,VBZ,RB,IN,RB,JJ,DT,NN,MD,VB,JJR,IN,NN,CC,DT,NN,MD,VB,VBN,IN,NNS,CC",2
194,"EX,VBZ,DT,JJ,NN,IN,JJR,IN,DT,JJ,NNS,VBD,IN,CD,DT,NN,VBD,DT,NN,DT,JJ,DT,NNP,NNP,VBZ,IN,CD,CD,NNS,VBP,JJ,NNS,MD,VB,IN,PRP,VBP,DT,NNS,IN,NNS,VBN,IN,EX,VBD,RB,DT,JJ,NN,IN,NNP,VBD,IN,DT,JJ,NN,VBZ,RB,IN,JJ,NNS,IN,DT,DT,NN,VBZ,NN,IN,DT,EX,VBD,NNS,DT,RB,IN,VBD,DT,NN",2
195,"NNS,VBD,DT,JJ,JJ,VBG,NN,TO,NN,NNS,IN,PRP,VBD,NNS,IN,DT,VBG,NN,PRP,VBD,JJ,NNS,IN,DT,WDT,RB,VBP,NNS,CC,DT,DT,NNS,VBP,IN,DT,NNS,MD,VB,NN,IN,DT,VBG,NNS,TO,VB,PRP,JJR,IN,RB,IN,VB,DT,JJ,NN,IN,PRP$",2
196,"IN,NNP,NN,NNS,VBD,PRP$,NN,IN,VBZ,IN,NNP,TO,PRP,VBZ,IN,JJ,NNS,IN,DT,NNS,VBD,PRP,DT,JJ,CC,DT,JJ,NN,IN,NN,VBZ,CD,TO,CD,NNS,NNS,CC,JJ,NNS,IN,VBP,NN,VBP,DT,NN,NN,IN,DT,NN,IN,IN,NNS,VBP,PRP,IN,DT,NN,TO,PRP,VBD,IN,VBG,NNS,CC,JJ,NN,VBP,IN,DT,NN",2
197,"EX,VBZ,DT,JJ,NN,IN,WDT,VBZ,DT,JJ,NN,CC,JJ,NNS,MD,VB,DT,JJ,CC,DT,NN,IN,JJ,PRP,MD,RB,VB,DT,NNS,DT,NN,IN,DT,JJ,DT,NN,VBZ,CD,NNS,CC,PRP$,NN,VBD,VBN,IN,JJ,NN,VBZ,DT,JJS,NN,NN,IN,DT",2
198,"JJ,DT,NN,NN,NNS,IN,IN,JJS,CD,NN,DT,NN,VBD,IN,CD,NNS,CC,VBD,DT,CD,NN,IN,CC,RP,IN,DT,NN,VBD,VBN,NN,NNS,VBD,NN,NNS,IN,DT,NN,IN,DT,JJ",2
199,"NNS,VBD,DT,NN,IN,CC,PRP,RB,VBD,PRP,TO,NNP,PRP,VBD,PRP,IN,NNP,PRP,VBD,DT,JJ,DT,NN,VBZ,DT,NN,IN,NN,IN,PRP$",2
200,"DT,JJ,NN,VBD,VBG,IN,PRP$,NN,IN,DT,NN,VBD,RB,IN,DT,IN,PRP,VB,PRP,WRB,PRP,VBD,DT,NN,NN,IN,DT,NN,VBD,DT,NN,NN,PRP,VBD,DT,NN,IN,PRP$,DT,NN,CC,DT,NNS,VBD,IN,DT,NN,VBD,IN,DT,IN,DT,NN,VBD,DT,NN,CC,NNS,VBD,DT,NNS,VBD,NN,IN,DT,NN,IN,DT,NNS,PRP,VBD,DT,NNS,IN,DT,NN,DT,NN",2
201,"NNP,NNS,VBD,NNP,CC,VBD,CD,NNS,IN,NNS,WP,VBD,PRP$,NNS,VBD,IN,JJS,CD,NNS,VBD,DT,CC,JJR,IN,NN,NNS,VBD,IN,DT,JJ,CD,EX,VBZ,DT,NN,IN,DT,JJ,NN,VBN,IN,DT,PRP,VBZ,DT,NN,CC,RB,NNS,VBD,PRP,TO,PRP,VBD,RB,RB",2
202,"EX,VBP,JJ,JJ,NN,NNS,IN,DT,DT,NN,NN,VBD,RP,IN,DT,PRP,VBN,DT,JJ,DT,NN,VBZ,VBN,IN,IN,NN,NNS,WDT,VBP,RB,VBN,DT,JJ,NN,VBZ,CD,IN,CD,NNS,VBN,IN,VBG,NN,IN,DT,NN,VBZ,VBG,NNS,TO,VB,PRP$,NNS,IN,JJ,NNS,CC,VB,PRP,VB,VBN,IN,NN",2
203,"DT,JJ,NN,IN,NNP,VBD,IN,DT,NN,NN,WRB,DT,NN,NN,PRP,VBD,RP,IN,DT,DT,NN,VBD,DT,VBG,NN,IN,DT,NN,NN,VBD,VBG,IN,DT,PRP,RB,VBD,TO,DT,NN,CC,VBD,PRP$,PRP,MD,RB,RB,VB,CC,RB,VBD,DT,NN,IN,DT,NN,VBZ,IN,PRP,VBP,IN,PRP,MD,VB",2
204,"JJ,NNP,NNP,NNP,VBD,DT,NNP,NNP,PRP,VBD,DT,JJ,NN,IN,NNP,NNS,VBD,VBG,IN,DT,NN,CC,NNP,VBD,CC,PRP,RB,VBD,PRP,VBD,RB,VB,DT,NNS,WP,PRP,VBD",2
205,"IN,CD,NNS,VBD,IN,DT,NN,IN,PRP,VBD,IN,NNP,WRB,DT,NNS,VBD,IN,IN,PRP$,NNS,IN,DT,NN,IN,DT,NN,VBZ,IN,CD,CC,PRP,VBZ,VBG,RB,CD,NNS,IN,NN,CC,NNS,VBD,TO,DT,NN,CC,VBD,RP,NNS,IN,DT,PRP,VBD,IN,NN,IN,DT,NNS,IN,DT,JJ",2
206,"DT,NNP,VBZ,DT,JJ,JJ,NN,NNS,VBD,PRP,TO,VB,IN,DT,NNP,CD,CC,DT,NNP,PRP,VBD,RP,IN,NNP,IN,PRP$,JJ,JJ,DT,NNP,NNP,NNP,IN,NNP,VBD,DT,DT,NN,NNS,VBD,DT,NN,IN,CC,NN,IN,DT,JJ",2
207,"CD,NNS,DT,NN,VBD,VBN,IN,PRP$,NNS,IN,DT,NN,NNS,TO,JJ,PRP,MD,VB,PRP$,JJ,NN,CC,NN,EX,VBP,NNS,IN,PRP$,NN,IN,NN,DT,NN,IN,PRP$,PRP,VBP,NNS,WDT,VBP,DT,NN,TO,VB,DT,NNS,IN,PRP$,DT,JJ,VBZ,DT,JJ,NN,IN,NN,TO,VB",2
208,"JJ,NN,VBN,VBP,DT,JJ,NN,IN,PRP$,NN,IN,DT,NN,VBP,IN,DT,NN,VBD,DT,NN,IN,IN,PRP,VBD,IN,DT,NN,IN,DT,NN,VBD,DT,CC,NNP,VBD,DT,JJ,DT,JJ,NN,IN,DT,NNS,IN,NNP,VBD,TO,CD,NN,NNS,VBD,VBN,CC,JJR,IN,CD,NNS,VBD",2
209,"VBN,JJ,NNS,VBD,IN,DT,NNP,CC,VBD,NN,IN,DT,JJ,NN,VBD,DT,NN,IN,DT,NNS,VBP,NNS,CC,VBD,NNS,CC,PRP,VBD,IN,JJ,NNS,WP,VBD,PRP,DT,DT,NNS,VBD,CC,PRP,VBD,RB,PRP,VBD,JJ,IN,DT,JJ,NNS,VBD,IN,NNS,IN,DT,JJS,NN,IN,NNP,IN,IN",2
210,"IN,EX,VBZ,DT,JJ,NN,IN,DT,JJ,PRP,VBZ,JJ,IN,PRP$,NN,CC,PRP,VBZ,RB,VB,NNS,IN,VBG,PRP$,NNS,IN,DT,NN,RB,JJ,IN,CC,PRP,VBZ,IN,CD,CC,CD,NNS,IN,PRP,TO,DT,NN,VBZ,IN,JJ,WDT,VBZ,PRP$,NN,JJ,VBZ,VB,JJ,RB,IN,CD",2
211,"DT,NN,IN,NNP,NNP,NN,DT,JJ,PRP,VBZ,DT,JJS,NN,NN,IN,NNP,NNP,IN,IN,CD,DT,NN,VBD,TO,VB,PRP,TO,DT,PRP,VBZ,IN,PRP,MD,VB,DT,JJ,JJ,DT,NNP,IN,NNP,NNP,VBD,IN,DT,NN,VBD,VBG,TO,VB,VBN,NN,MD,VB,DT,NN,CC,DT",2
212,"DT,NN,IN,DT,NNP,NNP,NNP,VBD,DT,NN,DT,JJ,NNS,IN,DT,RB,PRP,VBD,DT,NNS,RB,RB,CC,VBD,DT,JJ,DT,NN,VBZ,WRB,DT,NN,IN,DT,NN,PRP,VBZ,TO,VB,CD,NN,DT,NNP,VBZ,DT,NN,IN,DT,JJ,NNS,MD,VB,IN,NN,TO,NN,CC,RB",2
213,"CD,NNS,DT,NN,NNP,NNP,VBD,IN,NNP,DT,NNP,NN,WP,VBZ,NNP,NNP,VBD,TO,VB,NN,TO,DT,IN,DT,NN,VBD,IN,PRP$,NN,IN,PRP$,DT,NN,VBD,IN,PRP,VBD,IN,DT,PRP,VBD,IN,PRP,VBD,IN,VBG,JJ,TO,VBG,CC,DT,VBD,DT,JJ,NN,IN,DT,JJ",2
214,"DT,NN,VBD,IN,DT,NN,IN,DT,VBP,NN,IN,PRP,VBD,DT,NN,IN,PRP$,NN,WRB,DT,JJ,NN,VBD,CC,VBD,VBG,DT,NN,NN,TO,VB,IN,RB,IN,PRP,MD,TO,VB,DT,DT,NN,VBD,VBN,IN,DT,NN,IN,NNS,WP,VBD,IN,DT,CD,IN,PRP,VBD,DT,JJ,PRP,CC,PRP,VBD,DT,JJ,NN,IN,DT,NN,TO,VB,DT,NN",2
215,"NNP,NNS,VBP,IN,CD,NNS,IN,DT,NN,IN,DT,NNP,TO,PRP,VBD,PRP,TO,VB,JJ,NNS,CC,TO,VB,PRP$,NN,IN,DT,DT,NNS,VBP,IN,NNP,NNP,IN,NNP,TO,NNP,JJ,NN,VBD,PRP,CC,VBD,WRB,PRP,VBD,TO,PRP$,DT,NN,NN,VBD,IN,DT,NN,VBD,RB,DT,PRP,VBD,IN,PRP,VBD,DT,NN,IN,JJ,DT,NN,TO,VB,NN,TO,CC,TO,VB,IN,DT,NN,VBZ",2
216,"DT,JJ,NN,NN,VBZ,VBG,NN,NNS,VBP,JJ,NNS,IN,NN,IN,DT,NN,NN,DT,NN,IN,DT,NN,NN,VBZ,IN,CD,NN,NNS,VBP,IN,DT,NN,NN,IN,IN,TO,CD,TO,CD,NNS,IN,DT,CC,PRP,VBP,VBN,IN,JJ,NNS,DT,RB,DT,NN,VBZ,VBN,DT,JJ,IN,DT,NNS,VBP,VBN,CC,IN,PRP,VBP,JJ,NN,NNS,VBP,PRP$",2
217,"IN,EX,VBD,DT,NN,IN,NNS,VBD,IN,CD,NNS,IN,DT,DT,JJ,NN,VBZ,RB,VB,JJ,NN,IN,IN,DT,EX,VBD,NN,IN,CC,RB,PRP,VBZ,RB,VB,JJ,NNS,TO,VB,DT,DT,NNP,VBZ,VBG,IN,CD,CD,NNS,WDT,NNS,VBD,IN",2
218,"IN,DT,JJ,NN,VBD,DT,NN,IN,DT,IN,NNS,VBD,PRP,TO,VB,PRP,RB,TO,DT,PRP,VBD,PRP,TO,DT,JJ,NN,IN,CD,NNS,TO,DT,IN,DT,PRP,MD,VB,RB,CC,NNP,VBZ,JJ,IN,NNS,VBP,IN,EX,VBP,RB,IN,CD,IN,PRP,VBD,IN,DT",2
219,"IN,DT,NN,VBD,PRP$,NN,IN,DT,JJ,PRP,VBZ,RB,TO,CD,DT,NN,NN,NNS,IN,DT,PRP,VBZ,VBN,RB,RB,TO,VB,CD,NNS,TO,VB,DT,NN,VBD,IN,PRP,VBD,PRP,CD,NNS,TO,VB,PRP$,NN,CC,PRP,VBZ,IN,PRP,VBZ,JJR,NNS,TO,IN,DT,NN,VBZ,PRP$,PRP,VBZ,DT,NNS,IN,NNS,MD,DT,VBZ,IN,NNP,VBZ,RB,VBN,IN,PRP$,JJ,NN,NNP",2
220,"DT,NN,IN,DT,NN,IN,NNP,VBD,DT,NN,IN,DT,NN,CC,VBD,DT,NN,VBD,PRP,IN,DT,JJ,CC,VBD,PRP$,NN,TO,NNS,CC,NNS,VBD,NNS,IN,DT,NN,CC,DT,NN,NN,VBD,TO,DT,DT,NN,VBD,NNS,IN,DT,NNS,VBD,IN,IN,DT,NN,CC,IN,PRP,VBD,EX,VBZ,DT,NN,IN,DT",2
221,"DT,NN,VBD,PRP$,NN,IN,NNP,IN,CD,CC,PRP,VBD,DT,RB,PRP,VBZ,DT,JJ,NN,IN,DT,NN,IN,NNP,TO,VB,VBN,IN,IN,DT,DT,NN,IN,DT,NN,VBD,TO,DT,NN,JJ,IN,DT,DT,NN,VBD,JJ,CC,VBD,DT,NN,TO,DT,NNS,IN,DT,NNS,PRP,VBD,DT,PRP,VBZ,DT,JJ,NN,IN,NNP,CC,DT,PRP,VBZ,RB,VB,PRP,PRP,VBZ,DT,NN,IN,DT,RBS,JJ,NNS,IN,PRP$,IN,DT,DT,JJ,NN,VBD,IN,DT,JJ,NN,IN,EX,VBZ,NN,IN,DT,DT,VBZ,RB",2
222,"DT,NN,VBD,DT,NN,IN,DT,NN,IN,IN,NN,WP,VBZ,RB,DT,NN,CC,NN,VBD,PRP$,IN,CC,VBD,PRP$,DT,NN,RB,VBD,IN,DT,NN,VBD,DT,RB,JJ,DT,NN,VBD,IN,JJ,JJ,TO,VB,RB,CD,CC,RB,PRP,VBD,CD,CC,RB,CD,DT,NN,VBD,RB,DT,NN,CC,RB,PRP,VBZ,DT,DT,NN,VBD,DT,JJ,NNP,NNP,NNP,CC,PRP,RB,VBZ,DT,NNP,IN,PRP$",2
223,"JJ,NNS,IN,DT,NN,IN,NNP,MD,VB,DT,NN,CD,JJ,NNS,VBD,VBN,IN,DT,NN,IN,DT,DT,CD,NNS,VBD,PRP$,NNS,IN,DT,CC,CD,IN,PRP,VBP,TO,DT,JJ,NN,IN,DT,VBD,RB,IN,IN,DT,NN,DT,JJ,NN,PRP,DT,JJ,NNS,IN,DT,NN,MD,VB,DT,PRP,MD,VB,IN,PRP,VBP,JJ,CC,IN,NN,VBZ,DT,NN,TO",2
224,"DT,NN,VBZ,RB,IN,NN,DT,NN,IN,NNS,CC,NN,NNS,VBD,DT,NN,IN,PRP,VBP,PRP,RB,IN,DT,JJ,CC,PRP,VBZ,DT,NN,IN,NNS,IN,CC,DT,NN,NN,CC,DT,NNS,MD,VB,DT,NN,IN,DT,NN,VBN,DT,DT,NN,VBZ,VBN,DT,NNP,NNP,DT,NN,VBZ,JJ,DT,JJ,JJ,NN,VBD,DT,NN,NN,VBG,JJ,NNS,IN,NNS,WDT,VBP,DT,DT,NN,IN,VBN,IN",2
225,"DT,JJ,NN,CC,NN,VBD,DT,NN,TO,VB,PRP$,CD,PRP,VBZ,PRP$,NN,IN,DT,NN,IN,DT,DT,NN,VBZ,JJ,IN,VBG,PRP,VBZ,CC,DT,NN,VBZ,PRP,VBZ,IN,DT,NN,VBZ,RB,IN,PRP,VBZ,RB,PRP,VBZ,DT,NN,IN,DT,NN,NN,CC,VBN,IN,IN,PRP,VBZ,VBN,IN",2
226,"NN,VBD,DT,JJ,NN,IN,DT,NNP,NN,DT,NN,VBZ,DT,JJ,NN,IN,NN,TO,VB,PRP,VBZ,DT,NN,IN,PRP,VBZ,IN,CC,DT,JJ,PRP,VBZ,NN,IN,DT,JJ,JJ,NNS,CC,DT,NN,IN,DT,PRP,VBD,DT,JJ,NN,IN,DT,CC,PRP$,NNS,VBD,PRP,VBD,VBN,IN",2
227,"DT,NNP,NNP,NNP,VBZ,DT,CD,NN,PRP,VBZ,NN,IN,CD,NNS,IN,IN,DT,PRP,VBZ,DT,JJ,NN,WDT,VBZ,CD,NN,DT,JJS,NN,VBZ,DT,DT,NNS,VBD,JJ,IN,DT,JJ,DT,MD,VB,NN,RBR,CC,DT,NNS,MD,VB,IN,PRP$,NN,IN,DT,NN,VBD,IN,DT,NN,VBZ,TO,VB,NNS,VB,IN,DT,NN,IN,EX,VBP,RB,CD,JJ,NNS,IN,DT",2
228,"DT,JJ,NN,NN,VBD,VBG,IN,NNP,WRB,PRP,VBD,RP,DT,DT,NN,IN,DT,NN,VBD,CD,NNS,CC,DT,NN,VBD,VBN,IN,DT,NN,VBD,IN,PRP,VBD,VBG,TO,PRP$,NN,CC,CD,NNS,VBD,CC,PRP,VB,RB,CC,PRP,VBD,RB,IN,DT,PRP,VBD,PRP,CD,PRP,VBD,PRP$,NN,IN,DT,CD,NNP,VBD,DT,JJ",2
229,"DT,JJ,NN,VBD,DT,NN,IN,DT,PRP,VBD,PRP,CC,PRP$,NN,VBD,DT,PRP,VBD,JJ,IN,EX,VBD,NNS,NN,WRB,PRP,VBD,PRP,VBD,PRP,VBD,CD,CD,IN,NN,DT,NN,VBD,DT,DT,NN,VBD,DT,NN,RB,IN,NN,CC,VBD,PRP,DT,NNS,VBP,IN,NNP,NNS,VBD,DT,NN,WRB,PRP,VBD,NNP,IN",2
230,"IN,NN,VBD,JJ,JJ,NNS,DT,NNP,VBD,IN,IN,DT,JJ,DT,NNP,VBD,DT,NN,IN,CD,IN,NNP,JJ,NNP,NN,VBD,JJ,IN,NNP,NNS,VBD,IN,NNS,IN,DT,NNS,VBD,JJ,IN,NNP,PRP,VBD,IN,PRP,IN,PRP,VBD,RB,TO,VB,DT,NN,IN,DT,PRP,VBD,TO,VB,IN,CD,IN,DT,NNS,VBD,IN,DT,VBD,DT,NN,VBN,IN,DT,JJ,DT,NN,IN,JJ,NNPS,VBP,WP,NNP,NNP,CD,IN,PRP,VBD,IN,PRP,VBZ,IN,DT,NN,MD,VB,NNP,NN,IN,PRP,VBZ,IN,DT,NNP,NNPS,RB,VBD,DT,NN,IN,NN,CC,TO,VB,DT,JJ",2
231,"DT,NN,VBD,VBG,DT,JJ,NN,IN,NNP,WRB,CD,NNS,VBD,DT,NNS,IN,JJ,DT,NN,CC,DT,NN,VBD,TO,VB,DT,CC,PRP,VBN,DT,JJ,CC,RB,VBN,DT,DT,NN,VBD,RB,DT,CD,NNS,VBN,RB,NNS,IN,PRP,VBD,RB,NN,VBD,VBN,CC,DT,NN,RB,VBD,DT",2
232,"DT,NN,VBD,VBG,TO,VB,RP,PRP$,NN,WRB,PRP,RB,VBD,DT,DT,NN,VBD,VBG,CC,VBD,DT,NN,DT,JJ,NN,VBD,TO,VB,IN,DT,NN,VBD,DT,NN,CC,VB,NNS,NNP,VBD,VBD,DT,NN,IN,DT,NN,CC,VBD,TO,VB,DT,DT,NN,IN,DT,NN,VBD,RB,TO,CC,PRP,VBD,TO,VB,TO",2
233,"NNS,VBD,VBG,DT,NN,NNS,IN,PRP,VBD,DT,NNS,IN,PRP,VBP,VBN,CD,NNS,IN,NNP,NNP,NN,TO,DT,NNS,VBD,IN,PRP,VBD,VBG,IN,NN,CC,JJ,NNS,VBD,DT,NNP,IN,DT,NNP,TO,VB,PRP$,NNS,RB,VBP,JJ,PRP,VBP,IN,PRP,MD,VB,PRP,VB,JJ,NN,IN,DT",2
234,"DT,NN,NN,VBD,IN,DT,JJ,NN,NN,NN,IN,DT,NN,VBD,JJ,IN,NNS,IN,DT,NN,IN,DT,JJ,NNS,VBD,CC,CD,JJR,VBD,DT,NN,VBD,NN,IN,NN,WRB,DT,NNP,NN,VBG,IN,DT,NNP,NNP,WDT,VBZ,NNP,NNP,IN,VBD,NN,IN,DT",2
235,"IN,DT,NN,VBD,VBG,DT,NN,NN,EX,VBD,DT,NN,CC,DT,NN,VBD,DT,DT,NN,VBD,TO,DT,WDT,VBD,NNS,IN,DT,CD,NN,VBD",2
236,"NNS,IN,NNP,MD,RB,NN,DT,NN,IN,DT,JJ,NNP,NNS,CC,DT,NNP,NNS,VBP,DT,JJ,NN,IN,DT,NN,TO,VB,JJR,IN,DT,JJ,IN,TO,CD,CD,NNS,VBD,IN,DT,NNP,NNP,NN,IN,CD,CC",2
237,"JJ,DT,JJ,NN,VBD,DT,NN,DT,NN,VBD,DT,DT,NN,IN,DT,NN,VBD,DT,NN,VBG,IN,DT,NN,NN,CC,PRP,VBD,DT,NN,IN,NN,TO,DT,RB,IN,DT,JJ,NN,VBD,JJ,DT,NN,CC,VBD,IN,DT,PRP,VBD,DT,NN,IN,DT,NN,RB,VBD,DT,NN,CC,VBD,RP,IN,DT,NN,VBD,TO,VB,DT,NN,DT,NN,IN,NN,IN,DT,CC,DT,NN,VBD,RB,VB,PRP,CC,VBD,IN,DT,NN,IN,IN,CD,WDT,VBZ,IN,CD,JJ,NNP,NN,VBD,IN,PRP,VBD,DT,NN,PRP,MD,VB,RBR,JJ,RB,IN,PRP,VBZ,RB",2
238,"IN,NNP,NN,VBD,RP,DT,JJ,NNP,NN,PRP,VBD,NNS,IN,DT,NN,IN,NNP,IN,DT,DT,JJ,NN,NN,VBD,TO,DT,NN,IN,DT,DT,JJ,NN,VBD,IN,DT,NN,JJ,CC,VBD,PRP,VB,DT,IN,DT,JJS,NNS,IN,JJ,JJ,NNS,VBD,RP,IN,DT,NN,VBD,VBN,TO,VB,CC,RB,PRP,VBD,NN,IN,DT,NN,NN,IN,DT,JJ,PRP,VBD,CD,NNS,VBG,JJ,NNS,IN,DT,NN,VBD,CC,VBD,IN,PRP,VBD,IN,PRP$,NNS,VBD,DT,JJ",2
239,"DT,NN,VBD,JJ,CC,NNS,VBD,PRP,IN,DT,NN,CC,VBD,PRP,PRP$,NN,VBD,IN,NN,VBD,JJ,IN,PRP$,NN,VBD,VBG,PRP,VBD,RB,JJ,CC,PRP,VBD,PRP,VBD,DT,NN,IN,DT,NN,IN,PRP$,NN,IN,PRP$,NN,CC,VBD,PRP,IN,DT,NN,PRP$,NN,VBD,DT,NN,IN,PRP$,NN,CC,VBD,PRP,TO,DT,NNS,TO,VB,PRP$,NNPS,VBD,DT,NN,JJ,CC,VBD,IN,PRP$,NN,VBD,DT,JJ,NN,PRP,VBD,DT,CC,PRP,VBZ,RB,VBG,RBR,IN",2
240,"NNP,NNP,VBD,VBN,IN,DT,JJ,NNP,IN,IN,DT,NN,IN,PRP,VBZ,DT,JJS,NN,IN,DT,DT,NN,NN,VBD,NN,IN,DT,NNP,IN,CD,CC,NN,NNS,VBD,DT,IN,PRP$,NNP,VBD,IN,PRP,MD,VB,NN,CC,PRP,RB,VBD,NNS,IN,NNP,FW",2
241,"DT,NN,NN,VBZ,VBG,NN,IN,CD,JJ,NNS,NNP,CC,NNS,IN,IN,DT,NN,VBN,IN,DT,NN,IN,EX,VBD,CD,NNS,CC,RB,TO,CD,NNS,VBG,DT,VBZ,DT,JJ,CD,NN,VBD,IN,PRP,MD,VB,CC,PRP,RB,VBP,TO,VB,TO,DT,NN,TO,VB,VBG,IN,DT,NN,VBZ,NN,JJ,TO,DT,JJ,NN,NN,NN,VBN,VBG,DT,JJS,IN,DT,NN,NN,IN,EX,VBZ,RB,DT",2
242,"DT,NN,IN,NNP,VBD,DT,JJ,NN,IN,DT,JJS,NN,IN,DT,PRP$,NN,VBZ,CD,NNS,WDT,VBZ,RB,IN,CD,PRP,VBZ,IN,PRP,VBZ,PRP$,NNS,VBG,NNS,CC,VBG,NN,NN,VBZ,NNS,VBP,PRP,DT,NN,WRB,NNS,VBP,PRP,TO,VB,DT,JJ,NN,RB,VBZ,IN,DT,NN,VBZ,DT,JJS,NN,IN,DT,IN,VBZ,TO,VB,DT,MD,VB,DT,JJ,DT,NN,VBZ,IN,JJ,NNS,VBP,IN,PRP$,PRP$,NN,NN,VBZ,DT,RB,JJ",2
243,"DT,NN,VBZ,IN,DT,JJ,NN,IN,DT,PRP$,NN,VBZ,NNP,CC,PRP,VBD,NN,IN,CD,JJ,TO,PRP,VBD,DT,NN,TO,VB,TO,VB,IN,PRP,VBD,TO,VB,IN,PRP$,JJ,NNP,VBD,JJ,IN,PRP,MD,RB,VB,DT,NNS,CC,NNS,IN,JJ,PRP,VBD,TO,VB,TO,VB,IN,PRP$,PRP,VBZ,IN,PRP,MD,VB,JJ,NNS,TO,VB",2
244,"NNS,IN,NNS,VBN,IN,NNP,IN,PRP,RB,VBD,DT,NN,IN,NNP,NNP,PRP,VBZ,DT,JJS,JJ,NN,IN,NN,NNS,VBP,IN,JJR,NNS,IN,NNP,IN,PRP$,NNP,VBD,NNS,IN,PRP,RB,VBD,NNP,WP,VBZ,DT,NN",2
245,"EX,VBZ,DT,NN,IN,DT,NN,IN,DT,JJ,NN,NN,NN,IN,DT,NN,VBD,VBN,TO,JJ,NNP,IN,DT,NNP,NNP,IN,NNP,NNP,VBD,DT,NN,IN,PRP$,NN,NN,NN,JJ,PRP,VBD,IN,DT,NN,DT,NNS,VBD,TO,VB,IN,DT,NNS,IN,NN,NN,IN,NNP,NNS,NNS,VBP,TO,VB,PDT,DT,NN,IN,DT,JJ",2
246,"NNS,IN,DT,NN,IN,NNP,VBD,RP,PRP$,NN,CC,DT,NN,NN,PRP,VBD,RB,NN,IN,NNS,VBD,TO,VB,PRP,VB,PRP,VBZ,CD,NNS,JJ,CD,NNS,DT,JJ,DT,NN,VBD,WRB,JJ,DT,NN,IN,NN,IN,DT,PRP,MD,VB,TO,NN,NNS,VBD,DT,NN,IN,DT,JJ,PRP,VBZ,RB,JJ,NN,CC",2
247,"DT,JJ,WDT,VBD,VBN,IN,CD,IN,DT,JJ,NNP,VBZ,VBN,DT,NN,VBZ,IN,DT,NN,IN,CC,PRP,VBZ,VBG,VBN,PRP,VBZ,IN,DT,NNP,DT,VBZ,DT,NN,IN,NN,IN,CD,CD,JJ,NNS,RB,IN,NNS,VBD,DT,NNS,VBN,IN,DT,JJ,NNP,NNP,IN,NNS,IN,DT,NNS,VBP,RB,DT,NN,VBZ,VBN,VBG,NNS,IN,NN,IN",2
248,"NNS,IN,NNS,VBN,IN,PRP,VBD,TO,VB,DT,JJ,NN,NNP,PRP,MD,RB,VB,IN,DT,JJ,NN,IN,PRP,VBZ,NN,PRP,VBD,NNS,IN,DT,NN,IN,PRP$,NN,CC,CC,PRP,RB,VBD,DT,NNS,VBD,DT,NN,TO,VB,IN,IN,DT,DT,NN,VBD,TO,PRP$,NNS,IN,VBG,TO,DT,EX,VBD,JJ,NNS,IN,DT,CC,PRP,VBZ,RB,RB,JJ,IN,PRP,MD,VB,IN,DT,JJ",2
249,"DT,NNP,NNP,NNP,VBD,TO,DT,JJ,NN,IN,NNP,CD,CC,VBZ,IN,TO,NNP,NNP,DT,JJ,NN,IN,NNP,VBD,IN,PRP,VBD,DT,RB,JJ,NNP,NNP,NNP,IN,DT,NN,IN,JJ,NNS,VBG,RP,JJ,NNS,IN,DT,NNP,NNP,EX,VBP,JJ,NN,CC,JJ,RB,NNP,VBZ,VBG,TO,VB,DT,JJ,NN,IN,VBZ,RB,RB,DT,NNS,DT,JJ,NN,VBZ,RB,VBG,NN,NNS,CC,NNS,VBP,IN,JJR,CC,JJR,JJ,NNS,VBP,VBG",3
250,"DT,JJ,NN,VBD,IN,VBG,IN,DT,NN,IN,DT,NN,NN,IN,NNP,JJ,RB,RB,IN,DT,NN,VBD,VBN,VBN,IN,DT,PRP,VBD,TO,VB,TO,DT,NN,WP,VBD,RB,VBN,TO,PRP,RB,VBD,RB,IN,NNP,DT,NN,VBD,IN,RB,JJ,NNS,VBP,VBG,DT",3
251,"NNP,NNP,NNP,VBZ,VBN,DT,JJ,IN,DT,JJ,JJ,DT,NN,VBD,DT,JJ,NN,TO,VB,NN,IN,JJ,NNS,TO,DT,NN,CC,TO,VB,DT,NN,IN,DT,NNP,NNP,NNP,IN,DT,NNS,VBD,DT,NN,IN,DT,NNS,IN,NNP,CC,PRP,VBD,PRP,VBD,RP,CD,NNS,TO,VB,DT,JJ,DT,NN,VBD,WRB,DT,NN,PRP,RB,VBD,IN,IN,DT,NN,DT,NN,MD,RB,VB,VBG,CC,VBG,RB,PRP,MD,RB,VB,PRP$,NN,IN,CD,NN,TO,CC,WRB,NNS,VBP,PRP,MD,VB,TO,VB,NNS,CC,PRP,MD,VB,JJ,DT,JJ,NN,TO,NNS,VBZ,DT,NN,IN,IN,PRP$,JJ,DT,JJ,NNS,VBP,DT,NN,CC,TO,NN,PRP$,NN,IN,DT,NN,VBZ,TO,VB,NN,CC,VB,IN,NN,NNS,TO,VB,JJ,CC,JJ,NN",3
252,"NNS,IN,DT,NN,VBD,JJ,NNS,TO,VB,DT,NN,IN,NNS,VBD,VBG,DT,NNP,NNP,NNP,VBD,DT,NN,IN,DT,NN,TO,VB,DT,NNS,VBP,IN,PRP,VBD,JJ,VBG,JJ,TO,RB,CD,JJ,JJ,PRP,VBD,PRP,TO,VB,DT,NN,IN,DT,JJ",3
253,"DT,NNP,NNP,NN,VBD,DT,NN,WP,VBD,PRP,VBD,VBN,TO,DT,IN,PRP,VBD,PRP,WRB,PRP,VBD,RB,PRP,VBD,TO,VB,PRP,TO,DT,JJ,NN,CD,NNS,DT,NN,WP,RB,VBD,PRP$,VBD,DT,NNP,DT,CD,NNS,VBD,NNS,CC,VBP,VBG,TO,VB,IN,CC,JJ,NNP,RB",3
254,"WRB,PRP,VB,DT,PRP,VBP,VBN,TO,VBG,IN,DT,JJ,NN,IN,DT,NN,CC,IN,CD,JJ,NN,DT,NN,RB,RB,VBZ,DT,NN,IN,NNP,VBZ,VBN,NNS,IN,DT,PRP,VBD,DT,IN,PRP$,JJ,NNS,IN,NNS,TO,DT,VBD,DT,NN,TO,VB,DT,NN,DT,NN,IN,DT,NNP,NN,NN,VBD,IN,PRP,VBP,VBN,TO,VBG,RB,DT,NN,NN,IN,DT,NN,VB,JJ,NNP,DT,RBS,JJ,NN,CC,PRP,VBZ,IN,PRP,MD,VB,RB,VBN,CD,IN,DT,RBS,JJ,DT,IN,NNS,VBP,IN,PRP,VBZ,IN,DT,CD,IN,PRP,VBD,IN,IN,PRP,VBZ,RB,DT,NN,PRP,VBZ,RB,VB,IN,PRP,VBZ,DT,NN,CC,DT,JJ,NN,VBZ,DT,PRP,RB,VBZ,JJ,IN,PRP$,NNS,MD,VB,RBR,JJ,IN,JJ,NNS,IN,DT,NNS,RB,VBP,DT,NNS,MD,VB,IN,NN,IN,IN,JJS,CD",3
255,"DT,NN,VBD,CC,CD,NNS,VBD,VBN,IN,DT,NN,NN,VBD,NNS,IN,NNP,NNS,VBD,IN,DT,NN,VBD,DT,JJ,NN,IN,NNP,VBD,DT,CC,VBD,VBG,RP,DT,NN,RB,VBD,RP,CC,VBD,CC,NNS,VBD,PRP,DT,JJ,NN,IN,DT,NN,VBD,JJ,NNP,NN,NNP,NNP,WP,VBD,IN,DT,JJ,NNS,CC,RB,VBZ,JJ,NNS,IN,NN,NNS,VBP,IN,DT,NN,VBD,RB,DT,NN,IN",3
256,"JJ,NNP,VBD,DT,NN,TO,DT,JJ,NN,VBN,TO,DT,NN,IN,NNP,NNP,NNP,IN,NNP,VBD,CD,NNS,NNP,VBD,WDT,PRP$,NN,VBD,DT,VBG,NN,CC,PRP,MD,VB,VBN,VBG,DT,NNS,WDT,PRP,VBD,IN,PRP$,DT,CD,NN,NN,NNS,CD,CC,JJ,DT,NN,VBZ,DT,NN,NNS,WDT,NNS,VBD,VBN,VBG,IN,NNS,VBD,CD,VBD,IN,WP,PRP,DT,NN,VBZ,DT,NN,IN,DT,CD,CD,NN,TO,VBG,DT,JJ,NN,WDT,VBD,JJ",3
257,"NNS,IN,JJ,NNS,DT,IN,DT,NN,VBD,VBN,RP,TO,VB,NNP,PRP,VBD,NN,IN,DT,CC,DT,NN,VBD,TO,VB,NN,TO,VB,DT,CD,JJ,NN,IN,NNP,NNP,VBD,VBN,IN,JJ,CD,NNS,CC,NNS,VBD,NN,IN,VBG,RP,JJS,IN,DT,NNS,IN,PRP$",3
258,"DT,NN,NN,IN,NNP,VBD,PRP$,NN,IN,DT,NN,TO,VB,CC,JJ,NNS,IN,VBG,IN,NN,MD,VB,DT,NN,IN,EX,VBZ,DT,NN,IN,NNS,CC,DT,NN,IN,NN,IN,PRP$,DT,VBP,RB,DT,NNS,IN,PRP,VBP,TO,VBP,IN,DT,IN,VBG,DT,NN,IN,CC,DT,CD,DT,NN,VBD,DT,JJ,NN,IN,DT,NN,NN,IN,PRP,RB,VBZ,IN,DT,NN,NN,NN,CC,NN,CD,NN,VBD,IN,DT,NN,IN,DT,NNS,VBD,PRP$,CC,VBD,PRP$,NNS,WP,VBD,DT,NN,VBD,IN,PRP,VBP,IN,PRP,VBP,RB,VBN,RP,IN,DT,NNS,CC,NN,NN,VBP,RB,CC,DT,NN,IN,DT,NN,VBD,IN,CD,NNS,IN",3
259,"NNS,IN,DT,NNP,NNP,NNP,NNP,VBD,DT,NN,IN,NNS,IN,DT,NN,VBD,CC,RB,PRP,VBD,VBN,TO,VB,RP,DT,NN,NNS,IN,IN,TO,CD,NNS,VBN,VBG,RP,DT,JJ,JJ,IN,DT,NNS,IN,NNS,VBG,DT,VBD,DT,JJ,NNS,CC,RB,VBD,IN,NNS,VBD",3
260,"IN,NNP,DT,JJ,NN,IN,JJ,VBD,JJ,TO,DT,JJ,NN,VBN,DT,WP,VBD,IN,JJ,VBN,IN,DT,NN,NNS,IN,DT,CC,RB,DT,JJS,DT,NN,VBD,IN,DT,VBG,CD,NNS,CC,VBG,CD,NNS,VBD,VBG,IN,DT,JJ,NNS,IN,MD,VB,VBN,IN,DT,IN,CD,NNS,VBD,TO,VB,PRP$,CD,NN,VBD,IN,WRB,PRP,MD,VB,TO,DT,NNS,IN,DT,NN,DT,NNS,MD,VB,CC,VB,PRP,VBD,IN,IN,DT,JJ,NNS,VBD,RB,TO,VB,IN,WP,MD,PRP,VB",3
261,"CD,NNS,NNS,VBD,DT,NN,VBN,NNP,CC,PRP,RB,IN,PRP,VBD,IN,DT,DT,NN,VBN,NNP,VBD,DT,NN,NN,VBZ,DT,NNP,VBD,DT,JJ,NN,IN,DT,JJ,NNS,VBD,VBN,VBG,IN,NN,VBD,NNS,CC,NNP,VBD,IN,PRP,DT,JJ,DT,NN,NN,VBD,DT,DT,NN,VBD,DT,NN,IN,RB,IN,NNS,VBG,TO,VB,PRP,VBZ,DT,NNP,VBD,NNP,VB,IN,NNP,VBD,VBN,DT,JJ,PRP,VBD,DT,RB,NNP,VBZ,RB,DT,NNP,VBG,VBG,IN,PRP,CC,VBG,IN,DT,JJ,NN,NNS,VBP,RB",3
262,"NNS,VBD,DT,JJS,JJ,NNS,IN,IN,NNP,IN,VBG,RP,IN,DT,CD,VBG,DT,NNS,RB,JJ,NNS,VBD,PRP,IN,DT,NN,IN,DT,NNP,NN,IN,DT,NN,IN,CC,PRP,VBP,JJ,NN,IN,DT,JJS,JJ,NNS,IN,NNP,NNS,RB,VBD,DT,NNS,IN,NNP,CD,IN,JJ,NN,IN,DT,NN,VBD,VBN,TO,VB,NNS,VBG,JJ,NNS,VBD,DT,NN,VBG,WDT,VBZ,DT,NN,IN,MD,VB,RB,JJ,NN,TO,VB,DT,JJ,NN,CC,DT,CD,NN,IN,DT,NNS,RB,VBD,DT,NNS,CC,DT,NN,IN,DT,NN,NN,IN,DT,JJ,NNP,IN,NNS,RB,VBP,IN,DT,JJ,NN,MD,VB,PRP$,NN,IN,JJ,NN,IN,NNP,CC",3
263,"NNS,VBD,DT,NN,IN,NNP,NNP,IN,NN,CC,RB,PRP,VBZ,RP,PRP$,NNS,IN,DT,JJ,PRP$,NN,VBD,WDT,PRP,VBD,RB,IN,PRP,VBD,DT,JJ,NNS,CC,DT,NNS,CC,NNS,IN,PRP$,PRP,RB,IN,DT,NN,VBD,WDT,DT,NN,RB,VBD,DT,NNS,VBD,DT,NN,IN,PRP$,NN,CC,NN,IN,VBG,WDT,VBZ,RB,VBN,IN,JJ,DT,NN,IN,NN,VBZ,IN,DT,JJ,NN,IN,NNS,WDT,JJS,NNS,VBP,NN,IN",3
264,"NNS,IN,NNS,VBP,VBN,VBG,DT,JJ,NN,IN,NN,IN,DT,JJ,JJ,JJ,NN,IN,WDT,VBZ,VBN,IN,DT,NNP,IN,NNP,IN,IN,DT,NN,IN,NNS,WP,VBP,NN,DT,JJ,NNS,VBD,IN,NNS,WP,VBD,VBN,TO,VB,DT,DT,JJ,NNP,VBD,VBG,DT,NNS,IN,NNS,IN,NNP,DT,NN,IN,DT,NN,NN,IN,DT,VBD,PRP,VBD,RB,NNS,DT,IN,PRP$,NNS,VBP,VBN,VBN,RB,JJ,IN,NNP,PRP,VBP,RB,VB,IN,NNS,DT,IN,RB,JJ,NN,VBZ,VBN,IN,PRP$",3
265,"DT,NN,VBZ,DT,JJ,JJ,NN,IN,DT,JJ,NN,IN,NNP,IN,DT,NN,IN,NN,IN,NNP,EX,VBP,IN,JJ,CD,NNS,IN,JJ,NN,DT,NN,IN,DT,NNS,VBP,DT,JJ,NN,IN,CD,CD,DT,NN,VBZ,DT,JJ,NNS,IN,NNP,NNP,CC,NNP,WDT,VBZ,DT,JJS,NN,IN,RB,CD,NN,IN,DT,IN,NNP,CD,NNS,VBD,CC,VBN,IN,NNP,CC,NNP,CC,NNP,VBD,IN,CD,IN,DT",3
266,"DT,NN,VBD,DT,JJ,NN,NN,IN,DT,NN,IN,NNP,NN,VBD,IN,PRP,VBD,IN,RB,JJ,NN,WRB,NNS,VBD,PRP,VBD,RB,VBD,VBN,CC,NN,CC,VBD,IN,DT,NNP,NNP,NNP,WDT,VBD,VBZ,VBG,DT,NN,TO,VB,NNS,IN,DT,PRP,VBP,IN,DT,JJ,NN,MD,VB,DT,NN,IN,NNS,TO,VB,DT,JJ",3
267,"NNP,VBD,PRP$,JJS,DT,NN,NN,IN,PRP,VBD,NNS,VBG,DT,NN,IN,PRP$,PRP,VBZ,VBG,DT,NNP,NN,NN,IN,JJ,DT,NNP,NN,MD,VB,NNP,NNS,IN,DT,VBG,DT,NNP,NNP,NN,NN,NN,VBD,TO,DT,NNP,NNS,JJ,IN,NN,TO,NNP,VBN,NN,NNP,NNP,VBZ,VBN,TO,VB,DT,NN,IN,VBG,NNS,IN,DT",3
268,"DT,NN,IN,NNP,VBD,NN,PRP,VBD,RB,IN,CD,IN,WP,PRP,VBZ,TO,VB,DT,NNP,NNP,VBZ,VBN,DT,VB,CD,NNS,VBG,TO,VB,RP,WP,DT,JJ,JJ,NN,VBD,IN,VBD,VB,PRP,IN,DT,NN,VBZ,WP,VBZ,IN,DT,JJ,NN,NN,IN,IN,JJ,IN,PRP,VBD,VBG,RP,NNP,IN,JJ,PRP,VBZ,IN,EX,VBD,NN,IN,PRP,IN,DT,NN,CC,VBZ,IN,PRP,VBD,DT,IN,NN,IN,JJS,NNS,VBP,WRB,PRP,VBP,NN,CC,DT,JJ,CC,VBP,VBN,RB,CD,NNS,IN,RB,IN,NNP,CC,NNP,NNP,VBZ,VBG,TO,VB,RB,WRB,DT,NNP,MD,VB",3
269,"NNP,NN,VBD,JJ,NNP,NNP,IN,PRP,VBD,DT,NN,IN,PRP,VBD,IN,DT,NN,IN,DT,NN,CC,NN,NNP,VBD,IN,PRP,VBD,DT,IN,PRP,VBD,DT,NN,IN,PRP,IN,DT,JJ,NN,VBD,NN,IN,DT,NN,CC,NN,IN,IN,NN,VBD,RB,VB,DT,PRP,VBD,PRP,TO,VB,IN,NN,IN,PRP$",3
270,"DT,JJ,NNP,NN,VBZ,VBN,DT,JJ,NN,IN,NNP,RB,TO,VB,DT,NN,IN,DT,JJ,NN,PRP,VBD,RB,VBG,DT,NN,CC,RB,VBD,IN,PRP,VBD,RB,RB,PRP,VBD,IN,PRP,VBD,DT,NN,IN,NN,IN,WP,PRP,VBZ,IN,DT,NNS,MD,VB,DT,PRP,RB,VBZ,PRP$,NNS,IN,VBG,DT,JJ,NNS,RB,IN,IN,PRP,MD,VB,IN,DT,NNPS,IN,CD,IN,PRP$,NN,DT,NN,VBZ,IN,NNS,MD,VB,VBN,IN,PRP$,NN,CC,VB,NN,IN,WP,PRP,VBP",3
271,"NNS,RB,VBD,DT,JJ,NN,IN,PRP,VBZ,RB,JJ,IN,PRP,VBD,TO,VB,PRP,IN,NN,TO,VB,DT,DT,JJ,NN,VBZ,RB,CD,IN,DT,RBS,JJ,NN,IN,NNPS,VBP,IN,PRP,VBZ,DT,NN,IN,NNP,WP,VBD,NNP,IN,CD,NNS,IN,CD,NNS,NNPS,MD,VB,DT,NNS,CC,VB,PRP,IN,DT,NNP,NN,IN,DT,JJ,JJ,NN,VBD,DT",3
272,"TO,VB,DT,JJ,NN,NNP,DT,NNP,NNP,VBD,IN,NNP,NNP,IN,NNP,NNS,VBD,DT,JJ,CC,PRP,VBD,PRP,CD,NNS,TO,VB,DT,JJ,NN,IN,DT,JJ,NNP,VBD,NNS,CC,NNS,WRB,PRP,VBD,DT,NNP,NNP,RB,VBD,TO,VB,RP,NN,NNS,TO",3
273,"NNS,IN,DT,JJ,VBD,VBN,WRB,PRP,VBD,IN,PRP$,JJ,NN,VBD,DT,JJ,NNS,VBD,RB,VBN,DT,NN,IN,DT,RB,NNS,VB,IN,DT,NN,VBD,JJ,CC,RB,RB,VBD,PRP,VBD,IN,DT,NN,VBD,RB,IN,PRP$,JJ,NN,DT,NN,VBD,VBN,IN,DT,NN,IN,NN,WDT,NNS,VBD,TO,VB,DT,NN",3
274,"DT,JJ,NNP,NN,VBN,NNP,VBZ,DT,JJ,NN,TO,CD,JJ,NN,NN,IN,DT,NNP,NNP,IN,DT,PRP,MD,VB,VBN,VBG,CC,VBG,DT,RP,DT,NN,VBD,VBN,IN,NNP,CC,NN,VBD,RP,NN,WRB,PRP$,NN,VBD,NNP,VBZ,DT,JJ,NN,TO,NNS,WDT,VBP,VBG,CC,DT,JJ,NN,VBZ,DT,NN,DT,VBP,NN,TO,VB,PRP,RB,VBZ,DT,NN,IN,NN,IN,PRP,VBP,RB,JJ,IN,PRP$,NNP,VBZ,VBN,VBN,IN,RB,IN,JJ,NNS,PRP,VBZ,VBN,VB,NN,IN,NN,NNS,CC,PRP,VBZ,DT,CD,JJ,NN",3
275,"NNS,VBN,IN,DT,NN,NN,IN,NNS,CC,NNS,IN,NNP,VBP,JJ,TO,DT,WDT,PRP,VBP,IN,NN,NN,IN,NNS,VBP,PRP$,NNS,TO,DT,NN,TO,VB,PRP,IN,DT,NN,CC,TO,VBP,PRP,IN,NN,IN,VBG,JJ,NN,VBG,IN,DT,CC,VB,NN,NNS,IN,DT,JJ,DT,NN,NN,VBD,WDT,IN,PRP,VBP,DT,PRP,VBP,TO,VB,IN,VB,PRP,IN,VB,CC,VBD,PRP,DT,VBZ,VBN,RB,RBR,IN,DT,NN,IN,DT,NN,NNS,VBP,WDT,DT,RBS,JJ,NNS,VBP,JJ,NNS,CC,DT,JJ,NN,NNS,IN,CD,NNP,WDT,VBZ,DT,NN,WDT,MD,RB,VB,PRP,DT,NN,IN,DT,JJ",3
276,"IN,DT,NN,NN,CC,DT,JJ,NN,NN,VBD,DT,NN,IN,DT,NN,IN,DT,DT,NN,VBD,DT,NN,IN,NNP,CC,NNP,NNP,VBD,VBN,IN,DT,PRP,VBD,RB,VBN,RP,IN,DT,NN,IN,PRP$,NNS,CC,NNS,IN,DT,NN,DT,VBD,IN,PRP$,NN,DT,NN,IN,DT,CD,NNS,VBD,RB,CC,DT,NN,VBD,IN,WDT,VBD,IN,DT,JJ,NN,NN,VBG,NNP,CC,NN,VBP,IN,DT,CC,DT,IN,DT,NNS,VBD,JJ,TO,VB,DT,NN,IN,DT,NN,VBD,IN,JJ,DT,NN,CC,DT,JJ,NN,NN,VBD,RB,VBG,RP,IN,DT,NNS,VBD,IN,DT",3
277,"NNP,DT,NN,WP,VBZ,IN,NN,NN,VBD,DT,JJ,NN,IN,DT,NN,IN,DT,NN,NN,IN,NNS,VBD,PRP,IN,NN,CC,JJ,NN,IN,PRP$,DT,JJ,NN,VBD,DT,JJ,NN,JJ,RB,IN,DT,NN,TO,VB,NNP,VBD,IN,NNP,VBD,IN,DT,RBS,JJ,NN,VBD,TO,VB,PRP,RB,IN,DT,NN,IN,IN,PRP$,JJ,PRP,VBD,CD,NNS,IN,DT,JJ,CC,PRP,VBZ,VBG,IN,VBG,IN,NNS,IN,DT,NN,TO,VB",3
278,"NNP,VBD,IN,DT,NNS,IN,DT,JJ,WRB,DT,RB,VBN,IN,DT,NN,IN,DT,NN,CC,VBD,RB,IN,DT,NN,VBD,VBN,IN,DT,NNS,MD,VB,VBN,VBG,RB,IN,PRP,IN,DT,NN,MD,RB,VB,VBN,VBG,DT,IN,PRP,VBD,TO,CC,PRP,VBD,RP,DT,DT,RB,IN,VBN,IN,DT,RB,VBD,IN,DT,NN,IN,DT,NN,TO,VB,IN,DT,NN,VBD,NNS,IN,DT",3
279,"WDT,NNS,MD,VB,CC,DT,JJ,NN,CC,DT,JJ,VBD,DT,NN,IN,NN,IN,NNS,WRB,PRP,VBD,IN,PRP,VBD,JJ,IN,PRP,VBZ,RB,CD,NNS,PRP,VBZ,DT,JJS,JJ,NN,TO,VB,JJ,NNS,VBD,IN,PRP,MD,RB,VB,RB,JJ,JJR,JJ,IN,NNP,CC,DT,NNS,RB,VBD,DT,NNS,WRB,DT,NN,VBD,IN,NN,IN,DT,VBG,DT,NN,DT,NN,IN,NNP,WDT,VBD,PRP,TO,VB,DT,JJR,PRP,VBP,RB,RB,VB,WRB,DT,NNS,IN,CD,NN,IN,PRP,VBP,VBN,IN,IN,NNS,CC,JJ,NN,IN,DT,JJ,NN,IN",3
280,"DT,NN,IN,NNS,VBN,IN,JJ,NN,JJ,NN,VBD,DT,NN,IN,PRP,VBD,DT,JJ,NN,VBG,CD,NNS,IN,CD,JJ,JJ,NNS,IN,DT,NN,VBN,IN,DT,NN,DT,NN,VBD,CD,NNS,TO,VB,PRP$,CD,NNS,IN,RB,TO,DT,NN,IN,NNS,VBD,DT,JJS,NNS,IN,DT,VBG,PRP$,NNS,CC,IN,DT",3
281,"DT,NNP,NNP,NN,IN,NNP,VBD,NNP,VBZ,RB,DT,JJS,JJ,NN,IN,DT,PRP$,NNS,VBD,VBG,PRP,TO,VB,CD,NNS,CC,PRP,VBD,DT,NN,IN,DT,NN,IN,CD,PRP,VBZ,RB,IN,CD,NNS,CC,CD,NNS,DT,NN,VBD,IN,NNP,MD,VB,RB,DT,NN,NN,IN,DT,JJ",3
282,"NNS,CC,NNS,IN,NNP,NNP,VBD,VBG,NNP,DT,JJ,NN,IN,WRB,PRP,VBD,DT,NN,IN,NN,VBD,DT,NN,CC,DT,NN,IN,JJ,CC,JJ,VBD,DT,IN,JJS,CD,NNS,VBD,VBN,IN,CD,VBG,VBN,RB,IN,NN,NNP,CC,JJ,NN,IN,NNP,NNP,VBD,DT,NN,JJ",3
283,"NNP,DT,JJ,NN,VBD,PRP$,NNS,IN,PRP,VBD,DT,NN,TO,VB,RP,DT,PRP,VBZ,IN,DT,NN,NN,PRP$,JJ,NN,VBZ,VBG,NNS,VBG,DT,JJ,NN,IN,DT,CD,JJ,PRP,VBD,DT,NN,VBG,NNS,VBP,IN,NNP,NN,IN,WDT,RB,VBZ,PRP,CD,IN,CC,VB,DT,NN,IN,NN",3
284,"IN,DT,NN,IN,DT,NN,IN,NNP,VBD,IN,DT,DT,RB,VBN,DT,NN,IN,DT,CC,DT,NN,RB,VBD,RB,JJ,IN,DT,JJ,DT,NNS,VBP,IN,DT,NN,MD,VB,DT,NNP,NNP,NN,IN,DT,NN,JJ,NN,CC,VB,RB",3
285,"DT,JJ,NN,VBD,IN,DT,JJ,NN,IN,NNP,CC,VB,RB,RB,DT,PRP,MD,RB,VB,DT,NN,RB,IN,DT,NN,TO,PRP,RB,VBD,RP,CC,VB,RP,IN,DT,JJ,JJ,NNP,RB,VBD,DT,JJ,NNP,NNS,VBP,RB,RB,RBR,RB,IN,JJ,CC,VBP,CD,IN,DT,JJ,NNS,IN,PRP,VBP,VBN,IN,DT,NNP,NNP,IN,DT,NNP,IN,NNP,NN,IN,JJ,NNS,VBD,DT,NN,RB,IN,CD,NNS,IN,NN,CC,VBG,RB,CD,CC,PRP,MD,VB,RB,JJR,IN,IN,NNS,VBD,TO,VB,PRP,VBG,PRP,VBD,PRP,RB,IN,DT",3
286,"NNP,NNP,VBZ,VBN,DT,NN,IN,NNP,IN,CD,VBG,PRP$,DT,JJ,NN,PRP,VBD,WRB,JJ,PRP,VBD,IN,PRP$,JJ,IN,PRP,VBD,RB,VBN,PRP,NNS,VBP,IN,PRP,VBZ,RB,JJ,CC,VBZ,PRP,VB,DT,CD,RB,VBD,VBN,IN,PRP$,PRP,VBZ,JJ,IN,PRP$,NN,CC,VBZ,VBG,TO,VB,CC,IN,NNS,PRP,VBZ,VBN,TO",3
287,"IN,DT,NNP,VBD,DT,CD,NN,JJ,NN,NN,IN,DT,NN,NN,NN,IN,NNP,IN,DT,JJ,IN,PRP,VBD,IN,PRP,VBD,RB,JJ,NN,IN,PRP,RB,VBD,TO,VB,PRP,PRP,VBD,RB,TO,VB,RP,IN,DT,NN,VBD,JJ,CC,VBZ,VBN,TO,VB,CD,IN,NN,IN",3
288,"DT,NN,WDT,VBZ,IN,JJ,NNS,NNS,VBD,CD,JJ,NNS,IN,NNP,IN,CD,CC,JJ,NNS,VBD,NN,IN,CC,JJ,NNS,VBD,DT,IN,JJ,NNP,NNP,VBD,DT,NN,IN,WP,PRP,MD,VB,IN,IN,DT,JJ,JJ,VBD,DT,NN,DT,NN,IN,DT,JJ,VBG,PRP$,NN,VBZ,IN,NN,JJR,IN,NNS,RB,EX,VBZ,RB,DT,NNP,NN,IN,NN,WDT,VBZ,NNS,JJR,IN,CD,DT,NN,IN,DT,NN,MD,VB,JJ,NNS,IN,PRP,VBD,DT",3
289,"DT,JJ,NN,IN,DT,NNP,NNP,VBD,TO,VB,TO,DT,NN,TO,VB,DT,NN,NN,NNP,DT,NN,VBD,PRP$,JJ,NN,IN,JJ,JJ,NN,WP,VBD,TO,VB,PRP$,TO,DT,IN,DT,NN,VBD,DT,NNS,VBD,PRP$,NNS,TO,VB,PRP$,DT,JJ,NN,MD,VB,DT,NNS,IN,DT,NN,IN,NN,CC,DT,NN,IN,DT,NN,CC,DT,NN,DT,NN,VBZ,VBN,DT,IN,NN,CC,CC,VB,NNS,VBP,IN,PRP,VBP,CD,NNP,NNS,VBP,CD",3
290,"NNP,VBD,DT,NN,IN,NNP,NNP,IN,NNP,IN,DT,JJ,NN,IN,NNP,NNP,IN,NNP,NNS,MD,VB,JJ,CC,JJ,JJ,JJ,IN,JJ,NNS,VBD,NNP,NNP,TO,VB,DT,NNP,NNP,IN,NN,IN,DT,NNS,IN,NNS,WP,VBD,IN,DT,PRP,VBD,DT,NN,IN,DT,CC,PRP,VBD,DT,NN,VBG,IN,JJ,NN,TO,VB",3
291,"DT,JJ,NN,IN,DT,NNP,VBZ,VBN,DT,JJ,NN,IN,DT,NNP,VBD,VBN,IN,CD,NNS,CC,CD,WDT,VBD,DT,NNS,IN,DT,JJ,DT,NN,VBD,VBN,TO,DT,NN,IN,EX,VBD,JJ,NNS,IN,VBD,CC,NNS,VBG,IN,IN,DT,NN,IN,PRP$,DT,VBD,NN,RB,JJ,IN,DT,NNS,TO,DT,NNS,IN,DT,JJ,JJ,PRP,VBD,DT,JJ,NN,IN,CD,IN,DT,NNS,IN,DT,JJ,NN,VBD,IN,DT,NN,VBD,RB,DT,RBS,JJ,NN,VBD,DT,NN,IN,DT,CD,IN,DT,NNS,VBD,NN,IN,PRP,VBD,IN,DT,NN,MD,VB,VBN,CD,NNS,IN,DT,NNS,VBD,PRP,VBZ,RB,IN,DT,NN,IN,DT,JJ,NN,NNS,VBP,PRP$,TO,VB,DT,JJ,CC,JJ",3
292,"IN,PRP,VBD,RB,IN,NNP,NNP,VBD,RB,IN,DT,NNP,NNP,IN,CD,DT,JJ,VBD,DT,JJ,NN,IN,PRP,VBD,NNS,TO,VB,RB,WDT,DT,NN,IN,DT,NN,NN,RB,IN,NN,VBD,PRP$,IN,DT,CD,PRP,VBD,IN,JJ,NNS,VBD,VBN,IN,CC,VBD,RB,VBN,WRB,DT,NN,VBD,TO,PRP,VBD,TO,DT,NN,IN,DT,NN,VBD,RB,CC,VBD,PRP$,IN,PRP,VBD,VBN,IN",3
293,"NNS,IN,DT,NNP,NNP,VBD,TO,VB,PRP$,NNS,DT,NN,PRP,VBD,DT,NN,CC,DT,NN,NN,IN,NN,IN,DT,JJ,IN,DT,NNS,VBD,DT,NNP,DT,NNP,VBD,DT,DT,JJ,NN,NN,VBD,DT,NN,NN,NN,IN,NN,TO,VB,JJR,NN,IN,DT,NNS,CC,TO,VB,CC,VB,DT,NN,VBZ,NN,IN,DT,NNP,WDT,VBZ,DT,NN,IN,DT,JJS,NN,CC,NN,DT,NN,VBZ,CD,NNS,IN,IN,CD,NNS,CC,CD,CD,NNS,VBP,DT",3
294,"IN,DT,NN,NN,IN,DT,NN,IN,NNP,VBD,DT,NN,NN,IN,DT,NN,CC,VBD,PRP,PRP,VBD,IN,PRP,VBD,JJ,CC,VBD,IN,PRP,VBD,JJ,IN,IN,PRP,VBD,DT,PRP,VBD,DT,NN,TO,VB,WP,VBD,JJ,CC,VBD,DT,JJ,NN,IN,DT,NN,IN,DT,PRP,VBD,IN,DT,JJ,NN,VBD,RB,JJ,JJ,NN,VBP,VBG,TO,VB,IN,DT,NN,VBZ,IN,VBG,NNP,NNP,WP,VBD,IN,DT,NN,IN,IN,NN,VBD,PRP$,NNP,IN,NN,IN,PRP$,PRP$,NN,VBZ,IN,DT,NN,VBZ,RB,JJ,TO,VB,CC,NNS,VBP,VBG,PRP$,NNS",3
295,"DT,NN,IN,JJ,NNS,VBD,DT,NN,IN,DT,DT,NN,VBZ,RB,CC,NNS,VBD,DT,NN,CC,JJ,NNS,IN,DT,NN,VBG,RB,IN,DT,DT,JJ,NN,NN,VBD,VBN,TO,DT,NN,NN,VBD,DT,NN,WDT,VBD,RB,VBN,TO,DT,JJ,JJ,NN,CC,VBN,IN,DT,DT,NN,VBD,TO,IN,JJS,CD,NNS,CC,VBD,VBG,RB,RB,TO,VB,IN,RB,CD,DT,NN,VBD,PRP$,JJ,NN,IN,DT,JJ",3
296,"NNS,IN,NNS,CC,NN,NNS,VBD,TO,DT,NNP,NNP,NNP,IN,NNP,TO,NNP,VBG,VBZ,DT,NN,CC,NNS,IN,NN,IN,DT,IN,DT,DT,NNS,VBD,IN,CD,NNP,CC,VBG,NNP,VBG,VBZ,RB,VBN,IN,RB,NNS,VBN,JJ,JJ,IN,EX,VBD,RB,JJ,DT,RB,VBD,DT,CD,NN,VBD,IN,PRP,VBD,JJ,NN,CC,IN,PRP,VBD,DT,JJ,DT,NN,VBD,IN,PRP$,NN,VBD,RB,PRP,VBD,JJ,CC,JJ,DT,NNS,MD,NN,RB,IN",3
297,"DT,JJ,DT,NN,IN,NN,DT,JJ,JJ,NN,VBD,DT,NN,IN,DT,NN,NN,IN,DT,NN,WP,VBD,IN,DT,NN,VBD,PRP,IN,DT,NN,IN,NNS,IN,DT,JJ,NN,IN,NN,CC,DT,NN,VBD,RP,PRP$,NN,CC,VBD,TO,DT,NN,TO,VB,IN,DT,DT,NNS,VBP,IN,CD,DT,WDT,VBZ,RB,VB,IN,DT,CC,VBZ,DT,NN,DT,NN,IN,PRP$,NNP,NNS,CC,NNS,VBP,VBN,IN,JJ,NN,TO,VB,NN,IN,NN,NN,TO,NN,CC,JJ,NNS,VBP,RB,IN,VB,IN,VBG,PRP,IN,NN,IN,PRP,VBZ,RB,RB,VBN,IN,WP,PRP,RB",3
298,"DT,JJ,NN,IN,NNP,VBD,DT,NN,NN,IN,CC,VBD,TO,VBG,NNP,DT,NN,VBZ,NN,JJR,IN,TO,RB,VBG,PRP$,NN,TO,VB,DT,NNS,IN,DT,JJ,DT,NN,RB,VBD,PRP$,JJ,NNS,WRB,PRP,VBD,CC,VBD,IN,DT,NN,NN,CC,VBD,TO,RB,RB,DT,JJ,NN,NN,VBD,VBG,DT,NN,IN,PRP$,JJ,VBG,NNS,CC,VBG,NNS,IN,NNP,NNP,NNP,PRP,VBZ,NNS,JJ,CC,VBG,NN,TO,DT,RB,IN,VBG",3
299,"NNS,VBD,DT,NN,NN,RB,CC,VBG,TO,VB,IN,DT,NN,IN,NN,NNS,VBD,CC,VBD,WRB,PRP,VBD,PRP,TO,DT,NN,PRP,VBD,JJ,CC,JJ,IN,CC,PRP,VBD,RB,RB,IN,PRP$,NN,DT,NNS,RB,VBP,PRP,NN,CC,VBD,DT,NN,MD,RB,VB,DT,JJ,NN,IN,CD,IN,DT,NN",3
300,"DT,JJ,NN,VBD,DT,JJ,JJ,NN,IN,NNP,IN,DT,NNP,NNP,IN,VBG,NNS,CC,VBG,CD,IN,JJR,NNS,JJ,TO,CD,NNS,IN,CD,NNS,VBD,VBN,TO,DT,NN,WRB,CD,JJR,NNS,VBD,DT,JJ,NNS,VBP,JJ,IN,NNP,IN,DT,NN,VBZ,IN,JJ,NN,CC,DT,NNP,NNP,NNP,VBD,IN,DT,JJ,NN,VBD,RB,IN,RB,IN,CD,NNS",3
301,"DT,NN,NN,IN,DT,NN,NN,IN,DT,NN,IN,NN,VBD,DT,NN,IN,DT,VBG,TO,DT,EX,VBP,IN,JJS,CD,JJ,IN,DT,JJ,JJ,NNP,VBD,DT,NN,NN,CC,JJ,JJ,PRP,VBP,RB,VBN,NN,CC,PRP,VBP,VBG,IN,DT,JJ,NNP,NNP,VBD,IN,DT,NN,VBZ,VBG,NN,IN,PRP$,NN,TO,VB,RP,WP,PRP,RB,VBD,DT,NN,TO,VB,JJ,CC,TO,VB,TO,VB,DT,NN,VBD,IN,JJ,JJ,NNS,IN,NNP,CC,DT,NNP",3
302,"NNP,DT,JJ,JJ,NN,IN,NNP,VBD,DT,JJ,JJ,CC,PRP$,NN,VBD,IN,DT,JJ,PRP,VBD,IN,PRP,VBD,IN,NN,CC,VBD,TO,VB,CC,VBD,RB,VB,WP,TO,VB,RB,PRP,VBD,TO,VB,DT,NN,IN,PRP$,PRP,VBD,IN,PRP,VBD,IN,PRP,VBD,DT,NN,IN,PRP,CC,VBD,IN,PRP,VBD,NNS,RBR,IN,PRP,PRP,VBD,IN,NNS,VBP,TO,VB,NNS,VBN,IN,CC,PRP,VBZ,IN,PRP,VBZ,PRP,VBZ,PRP$,TO,NN,TO,VB,IN,DT,VBZ,RB,WP,PRP,VBZ,IN,DT,JJ,NN,VBZ,CC,DT,NNP,NNP,CC,JJ,NN,NNS,VBP,JJ,IN,PRP$",3
303,"DT,NN,VBN,DT,NNP,VBZ,CD,IN,RB,CD,NNS,TO,VB,IN,NNP,PRP,VBZ,DT,JJ,NN,PRP,VBD,DT,NN,IN,CC,PRP,VBZ,RB,JJ,NNS,IN,DT,NN,VBD,VBN,IN,CD,IN,JJ,NNP,DT,JJ,NN,VBD,DT,JJ,NN,VBN,NNP,NNP,PRP,VBD,PRP$,NN,DT,VBN,NN,IN,PRP,VBD,DT,NN,IN,DT,NN,CC,VBD,WP,PRP,DT,NNP,NN,VBD,DT,NN,DT,NN,VBD,IN,JJ,CC,PRP,VBD,VBN,VBN,RB,IN,NNP,MD,RB,VB,VBN,PRP,TO,DT,IN,PRP,MD,VB,VBN,DT,NN,VBD,DT,JJ,NN,WDT,VBD,IN,DT,NNP,WP,VBD,TO,DT,NNP,IN,NNP,IN,CD,NNS,RB,TO,VB,IN,VBD,DT,NN,IN,NNP,NNP,NNP,IN,NNP",3
304,"DT,NNP,NNP,IN,DT,JJ,NN,VBN,IN,NNP,NNP,CC,NNP,RB,VBP,DT,NN,IN,DT,JJ,CC,PRP$,JJS,NN,VBZ,DT,NN,IN,DT,CC,PRP,VBZ,RB,VBN,PRP,VBD,DT,JJ,NN,TO,VB,RP,DT,NN,IN,CD,IN,PRP,VBD,RB,IN,RB,TO,VB,VBN,IN,PRP$,NN,CC,PRP,VBD,DT,JJ,NN,IN,NNS,IN,CD,NNS,IN,IN,DT,NN,RB,VBZ,DT,JJ,NN,IN,NN,NN,IN,DT,NN,VBZ,IN,JJ,DT,NN,VBZ,VBN,VBG,JJ,NNS,IN,JJ,IN,NN,NN,NNS,TO,VB,CC,VBG,PRP,IN,NN,IN,DT,JJ,CD",3
305,"DT,NN,NN,IN,NNP,NNP,VBD,RB,VBG,PRP$,NN,VBD,WRB,DT,NN,NN,RB,VBD,DT,JJ,VBG,DT,NN,IN,DT,DT,NN,NN,RB,VBD,NNS,CC,CC,EX,VBD,DT,NNS,VBP,DT,DT,NNS,VBD,TO,DT,NN,NN,NN,VBD,DT,JJ,NN,IN,DT",3
306,"NN,VBD,IN,NN,DT,NN,IN,DT,NN,VBN,IN,DT,NN,IN,DT,NN,IN,DT,JJ,CD,JJ,NNS,VBP,VBD,DT,NNP,NNP,NNP,NNP,VBD,IN,DT,NN,VBD,IN,DT,JJ,NN,IN,DT,NNS,VBD,IN,DT,NN,VBD,WRB,DT,NN,VBD,VBN,IN,DT,JJ,NN,NNS,VBP,VBG,PRP$,JJ",3
307,"DT,JJ,JJ,NN,NN,VBN,NNP,VBD,PRP$,NN,VBD,JJ,TO,PRP$,NN,VBZ,PRP$,NN,IN,VBG,RB,VBN,RB,JJ,IN,PRP$,DT,NN,VBD,IN,NNP,VBZ,RB,JJR,CC,VBD,TO,VB,RP,IN,PRP,VBZ,IN,PRP,VBZ,TO,VB,IN,JJR,CC,IN,PRP,VBZ,IN,PRP,VB,RB,JJ,NNP,NNS,VB,VBN,DT,NN,CC,JJR,NNS,VBP,VBG,PRP,TO,VB,PRP$,NNP,NN,VBZ,RB,JJ,IN,JJ,NN,IN,DT,NNP,RB,NNS,VB,NNS,RB,VBP,IN,PRP,VBP,RB,VB,RB,NNS,TO,VB,IN,DT,NN,VBZ,JJ,IN,PRP,VBP,NNS,IN,PRP,VBP,VBG,PRP$,NNS,IN,PRP$,JJ",3
308,"JJ,NN,JJ,NNS,NNP,NNP,CC,NNP,CC,PRP$,JJR,NN,NNP,VBP,VBG,VBN,IN,DT,NN,NN,NN,IN,PRP$,JJ,NN,NN,VBD,VBG,DT,NN,VBP,VBG,DT,JJ,NN,IN,PRP$,JJ,NN,CC,PRP,VBP,VBN,VBG,NNS,IN,PRP$,JJ,NN,NNS,CC,DT,NNS,VBP,VBN,NNS,IN,DT,NNP,NNP,NNP,IN,JJ,NNP,CC,PRP,VB,DT,NN,CC,NNS,IN,DT,NN,VBP,VBN,TO,VB,VBN,IN,PRP$,NNS",3
309,"IN,JJ,JJ,JJ,NN,IN,NNP,VBD,DT,JJ,NN,IN,VBG,IN,DT,NNS,VBP,VBN,RB,VBG,PRP,IN,IN,NN,CC,NN,IN,VBG,NN,PRP$,NN,CC,VBG,NN,RB,VBD,PRP,TO,NNS,VBP,VBN,CD,NNS,IN,DT,JJ,CC,PRP$,NN,RB,VBZ,TO,VB,PRP,CC,VB,PRP$,NNS,PRP,VBD,DT,NNS,VBP,NNS,CC,RB,VBD,PRP,IN,JJ,PRP,MD,VB,DT,NNS,IN,DT,NN,NNS,IN,PRP$,JJ,NN,NN",3
310,"DT,NNP,NNP,JJ,NN,VBD,DT,NN,JJR,IN,CD,IN,CD,WDT,VBZ,TO,VB,DT,JJ,NNP,NN,IN,DT,NNP,VBG,PRP,DT,JJS,JJ,IN,DT,DT,JJ,JJ,NN,MD,VB,VBN,IN,IN,NNS,CC,IN,NNS,IN,JJ,NNS,IN,DT,NN,DT,NN,VBZ,TO,VB,JJ,TO,VB,VB,PRP,CC,VB,PRP,IN,DT,DT,NN,VBZ,IN,VBG,DT,JJ,NNP,RB,DT,JJ,NN,VBD,DT,NN,CC,VBD,DT,NNP,NN,IN,DT,NN,VBD,RB,IN,IN,DT,CD,NNS,IN,DT,NNP",3
311,"VBG,DT,NN,IN,NNP,VBD,VBG,DT,JJ,NNP,NN,TO,VB,DT,NN,IN,IN,CD,NNS,VBD,IN,PRP,VBD,IN,CD,NNS,IN,NN,IN,WDT,VBZ,DT,NN,IN,CD,JJ,IN,DT,JJ,DT,NN,VBD,IN,PRP$,NN,IN,CD,IN,PRP$,CD,PRP,RB,VBD,DT,NN,IN,DT,NN,IN,NNP,CC,VBD,RB,DT,JJ,DT,NN,IN,IN,CD,CD,CD,DT,JJ,NNP,CC,NN,IN,JJ,NN,VBN,IN,DT",3
312,"NNP,CC,NNS,VBD,IN,NNP,IN,DT,NN,IN,NNP,NNP,JJ,NNS,VBP,VBN,VBG,IN,DT,NN,IN,DT,NNS,VBP,JJ,NNP,VBD,DT,NNS,IN,JJ,CC,JJ,VBD,NN,IN,JJ,NNS,TO,VB,PRP,IN,DT,NN,CC,IN,NN,NNP,DT,IN,CD,NN,VBD,NN,CC,VBD,PRP$",3
313,"IN,NNS,VBD,VBG,IN,DT,NNP,NN,WRB,NN,JJ,DT,NN,VBD,RP,IN,CD,NN,VBD,DT,NN,IN,DT,JJ,NN,IN,NNS,CC,VBD,NNS,VBN,TO,VB,DT,IN,DT,NN,VBD,CD,IN,DT,NNP,NNPS,VBZ,IN,PRP$,NN,NNS,VBP,VBG,IN,WRB,TO,JJ,DT,NN,VBD,RB,VB,WDT,VBD,DT",3
314,"IN,PRP,VBP,RB,VBN,WP,PRP,MD,VB,IN,TO,VB,IN,DT,PRP,MD,RB,VB,PRP,DT,NN,IN,DT,RB,RB,RB,NN,IN,DT,NN,IN,DT,JJ,NN,VBZ,DT,DT,NN,CC,DT,JJ,NN,IN,NN,RB,VBG,DT,NN,CC,NNS,TO,DT,NN,VBP,IN,PRP,VBZ,DT,JJ,IN,CD,NN,VBG,DT,NN,RBS,PRP,VBD,VBG,IN,NN,MD,VB,VBG,IN,IN,DT",3
315,"RB,CD,DT,NN,VBD,VBG,RP,DT,NN,IN,DT,JJ,IN,NNP,NNP,NNP,IN,NNP,NNP,VBD,DT,NN,CC,RB,VBD,RP,PRP$,NN,TO,VB,DT,JJ,DT,NN,VBD,RB,JJ,IN,VBG,VBN,IN,PRP,VBD,IN,PRP$,NN,NN,CC,VBD,DT,JJ,IN,NNP,VBD,DT,NN,JJ,NNS,IN,DT,NN,VBD,WDT,PRP,VBD,VBN,DT,JJ,NN,VBG,WDT,JJ",3
316,"JJ,NNP,DT,JJ,NN,NNP,VBZ,CD,IN,DT,JJS,JJ,NNS,RB,CC,MD,PRP,VB,DT,NNS,CC,JJ,NNP,NNP,VBD,DT,JJ,NN,IN,DT,NN,IN,DT,JJ,VBD,RB,TO,DT,VBG,CC,DT,NN,RB,VBD,JJ,IN,IN,DT,CD,NNS,VBD,TO,VB,JJR,IN,CD,IN,DT,JJ,DT,JJ,NN,IN,DT,NN,IN,CD",3
317,"NNS,IN,NNP,VBD,WP,PRP,VBP,VBZ,DT,NNS,IN,CD,IN,DT,JJS,VBG,TO,DT,DT,WDT,NNS,VBD,IN,VBD,TO,DT,DT,RB,JJ,RB,JJ,NN,IN,DT,JJ,NN,CC,JJ,CC,JJ,IN,JJ,NNS,VBG,DT,NNS,RB,IN,IN,CD,CD,NNS,DT,NNS,RB,VBD,DT,JJ,NN,IN,NNS,IN,JJ,WDT,MD,VB,PRP,TO,VB,WP,NNS,IN,NN,DT,NN,IN,NNS,VBG,PRP,WRB,DT,NN,VBD,DT,CD,CD,NNS,DT,NNS,VBD,VBG,DT,NN,IN,IN,DT,NN,NN,VBD,IN,PRP,VBD,RP,DT,IN,DT,NN,VBG,TO,VB,IN,JJS,CD,JJR,NNS,IN",3
318,"DT,JJ,JJ,NN,VBD,IN,CC,PRP,VBD,IN,EX,VBD,CD,NNS,IN,DT,DT,JJ,NN,VBD,DT,CD,PRP,RB,VBP,DT,CC,DT,NNS,IN,DT,NN,VBD,DT,JJR,DT,JJ,JJ,NN,VBD,IN,DT,JJ,NN,VBZ,VBN,IN,DT,WDT,VBZ,IN,DT,NN,VBZ,VBN,IN,JJ,NN,IN,DT,NN,CC,NN,VBG,IN,JJ,NNS,IN,DT,DT,NN,MD,VB,WRB,DT,NN,VBZ,JJR,IN,CC,DT,NN,VBZ,VBN,IN,NN,CC,NN",3
319,"IN,CD,CD,NNS,VBD,IN,NNP,IN,CD,NNS,IN,IN,DT,JJ,DT,NN,VBD,DT,NN,DT,JJ,DT,NNP,NNP,VBZ,IN,CD,CD,NNS,VBP,NN,CC,PRP,VBZ,IN,NNS,IN,NNS,VBN,IN,EX,VBD,RB,DT,JJ,NN,IN,NNP,VBD,IN,DT,JJ,NN,VBZ,RB,IN,JJ,NNS,IN,DT,DT,NN,VBZ,NN,IN,DT,DT,JJ,NNS,CC,DT,NN,IN,NN,VBP,VBN,DT,NN",3
320,"NNS,MD,VB,JJ,CC,JJ,NNS,IN,DT,JJ,JJ,NN,IN,DT,JJ,NN,NNS,VBD,NNS,IN,DT,IN,VBG,NN,DT,NNS,VBD,JJ,NNS,TO,DT,CC,DT,JJ,NNS,VBP,NNS,CC,DT,DT,NNS,VBP,IN,DT,NNS,MD,VB,NN,IN,DT,VBG,NNS,IN,NNP,CC,VB,PRP,JJR,IN,RB,IN,VB,DT,JJ,NN,IN,PRP$",3
321,"IN,NNP,NN,NNS,VBD,PRP$,WDT,VBZ,IN,NNP,TO,NNP,IN,JJ,NNS,IN,DT,NNS,VBP,PRP,DT,JJ,CC,DT,JJ,NN,IN,NN,VBZ,CD,TO,CD,NNS,IN,NNS,CC,NNS,VBP,DT,NN,NN,IN,DT,IN,NNS,VBP,DT,NN,IN,DT,NN,TO,NN,DT,PRP,VBD,IN,VBG,NNS,CC,JJ,NN,VBP,NN,IN,DT,NN",3
322,"DT,JJ,NN,IN,NNP,VBZ,VBG,NNS,DT,NN,TO,VB,JJ,NN,IN,RB,VBG,DT,IN,PRP,VBZ,DT,NN,NN,IN,IN,TO,CD,NNS,IN,NNS,MD,VB,DT,JJ,CC,DT,NN,IN,JJ,CC,PRP,MD,VB,NNS,IN,DT,NN,DT,NN,IN,DT,JJ,DT,NN,VBZ,CD,NNS,CC,PRP$,NN,VBD,VBN,IN,JJ,WDT,VBZ,DT,JJS,NN,NN,IN,DT",3
323,"JJ,IN,JJS,CD,NN,VBD,IN,DT,JJ,NN,NNS,IN,DT,NN,VBD,IN,CD,NNS,CC,VBD,DT,IN,RB,IN,VBN,IN,DT,NN,NN,IN,CC,IN,IN,DT,NNP,NNS,VBD,NN,NNS,IN,DT,NN,IN,DT,JJ",3
324,"IN,NN,VBD,DT,NN,IN,NNP,NNP,CC,VBD,PRP,TO,NNP,DT,NN,VBZ,DT,NN,DT,NN,VBZ,DT,NN,IN,NN,IN,PRP$,DT,NN,IN,DT,NN,VBD,DT,NN,IN,PRP,VBD,IN,DT,JJ",3
325,"DT,JJ,NN,VBD,IN,DT,NN,IN,PRP$,JJ,IN,NNP,CC,DT,NNS,CC,DT,NN,NN,MD,VB,IN,DT,NN,VBG,NN,IN,DT,CC,DT,NN,NN,VBD,RB,CC,VBN,NN,IN,NNS,VBD,TO,VB,NN,IN,DT,NN,IN,DT,NN,VBD,NNS,VBD,TO,VB,RP,PRP$,NNS,DT,NN,RB,IN,DT,NN,VBG,IN,PRP$,JJ,NN,VBD,VBG,IN,PRP$,NN,NN,NN,WRB,PRP,VBD,IN,PRP,VBD,VBN,RB",3
326,"DT,JJ,NN,IN,NN,VBN,NNP,CC,PRP,VBZ,RB,VBN,VBG,DT,CD,NNS,IN,VBG,IN,JJS,CD,NNS,DT,NN,CC,JJR,IN,DT,NN,NNS,IN,DT,JJ,CD,NNP,NNS,VBP,VBG,DT,NNS,WP,VBP,VBN,PRP$,DT,NN,RB,VBD,IN,DT,NN,VBG,DT,JJ,NN,IN,DT,JJ,JJ,IN,PRP,MD,VB,PRP,VBG,PRP,TO,NN,IN,PRP,VBZ,IN,NNS,RB,VBD,PRP,TO,NNS,VBP,IN,PRP,VBD,DT,JJ",3
327,"DT,NNP,NNP,IN,NNP,VBZ,VBG,DT,NN,WDT,VBZ,NNS,TO,VB,WRB,DT,JJ,NN,VBZ,IN,JJ,NNS,IN,DT,JJ,IN,VBZ,JJ,VBG,JJ,NNS,IN,PRP$,NN,WDT,VBP,DT,WDT,VBP,RP,JJ,NNS,VBN,RP,IN,NN,NNS,MD,RB,VB,VBP,NN,NN,CC,NN,IN,NNS,RB,RB,VBN,IN,NNP,VBZ,VBN,TO,VB,WRB,DT,NN,MD,VB,IN,DT,CC,PRP,VBZ,RP,PRP$,NN,IN,DT,NN",3
328,"EX,VBP,JJ,JJ,NN,NNS,IN,DT,DT,NN,NN,VBZ,VBN,RP,IN,DT,JJ,NN,IN,WRB,TO,VB,PRP,VBD,TO,VB,DT,DT,JJ,NN,VBZ,VBN,IN,IN,NN,NNS,WDT,VBP,RB,VBN,EX,VBP,CD,NNS,VBG,NN,IN,NNP,CC,DT,NN,IN,DT,NN,MD,VB,CD,IN,DT,NN,VBZ,VBG,DT,NN,TO,VB,PRP$,NNS,IN,JJ,NNS,CC,VB,PRP,VB,VBN,IN,NN",3
329,"DT,NN,NN,VBD,DT,NN,NN,DT,JJ,NN,VBD,RP,IN,DT,NN,IN,DT,DT,NN,IN,DT,NN,NN,NN,JJ,CC,DT,JJ,NN,VBD,RP,IN,DT,NNP,NN,DT,NN,RBR,RB,VBD,IN,PRP,VBD,TO,VB,VBG,IN,DT,PRP,MD,RB,RB,VB,DT,CC,PRP,VBD,TO,IN,IN,DT,JJ,DT,NN,VBD,NNS,IN,PRP,VBP,IN,PRP,MD,VB,DT,JJ",3
330,"JJ,NNP,NNP,NNP,VBD,DT,JJ,NN,IN,NNP,IN,DT,NNP,IN,NNS,VBD,DT,CD,DT,NNS,VBD,VBG,IN,DT,PRP$,IN,RB,IN,VBD,DT,VBN,IN,NNP,IN,PRP,VBD,VBG,IN,WP,PRP,VBD",3
331,"IN,CD,NNS,VBD,IN,DT,JJ,NN,IN,NNP,WDT,VBZ,VBG,RB,CD,NNS,IN,PRP$,NN,IN,RB,CD,DT,NNS,VBD,IN,NNP,WRB,PRP,VBD,VBN,IN,IN,PRP$,NNS,IN,NNP,PRP,VBD,DT,CD,NNS,IN,NN,WP,DT,NNS,VBD,IN,VBG,NNS,IN,NN,CC,NNS,VBD,VBN,TO,DT,CC,PRP,VBP,RP,NNS,IN,DT,VBG,TO,DT,NNP,CC,NNP,NNP,PRP,VBD,IN,NN,IN,DT,NNS,IN,DT,JJ",3
332,"DT,JJ,JJ,NN,VBN,TO,VB,IN,DT,NNP,CD,CC,DT,NNP,VBD,TO,DT,NNS,IN,PRP$,JJ,DT,NN,VBD,RP,IN,NNP,NNP,NNP,IN,DT,JJ,DT,NNP,NNP,NNP,IN,NNP,VBD,DT,CC,DT,NN,NNS,VBD,DT,NN,IN,CC,NN,IN,DT,JJ",3
333,"NNP,NNP,VBD,JJ,IN,PRP$,NNS,IN,DT,NN,JJ,CD,NNS,CC,RB,IN,DT,NN,IN,JJ,PRP,MD,NN,PRP$,JJ,NN,CC,NN,EX,VBP,NNS,IN,PRP$,NN,TO,VB,DT,NN,IN,NN,NNS,TO,VB,WDT,VBP,DT,NN,TO,VB,DT,NNS,IN,PRP$,JJ,NNS,VBP,IN,DT,JJ,VBZ,DT,JJ,NN,IN,NN,TO,VB,DT,CC,DT,NN,IN,NNP,IN,VBZ,VBG,DT,NN,VBZ,VBN,DT,JJ,NN,IN,PRP,VBZ,JJ,TO,VB,DT,NN,CC,VB,DT,NN,NN",3
334,"JJ,NNS,VBD,IN,NNP,IN,NNP,CD,IN,DT,NN,IN,DT,JJ,NN,IN,CD,NN,NNS,VBD,VBN,CC,JJR,IN,CD,NNS,VBD,IN,DT,JJ,NNP,NNP,VBD,VBN,IN,PRP$,NN,IN,DT,JJ,NNP,VBP,IN,PRP,VBD,IN,NN,IN,PRP,VBD,DT,NN,IN,DT,NN,VBD,DT,CC,NNP,VBD,IN,PRP,VBZ,VBN,DT,JJ,IN,DT,JJ",3
335,"JJ,NN,VBD,DT,NN,DT,JJ,JJ,NNS,VBD,IN,DT,NNP,NN,CC,VBN,NN,IN,DT,JJ,DT,NNS,VBD,NNS,CC,VBD,NNS,CC,DT,VBD,IN,DT,NNS,IN,DT,NNP,WDT,VBZ,IN,DT,JJ,DT,NN,VBD,NNS,IN,DT,NNP,JJ,NN,IN,PRP,VBD,IN,JJ,NNS,IN,JJ,CD,IN,DT,NNS,VBD,NNS,TO,CD,IN,DT,NN,IN,VBG,IN,PRP,RB,VBD,DT,NN,CC,VBD,IN,IN,JJ,NNS,VBD,IN,DT,JJ,NNS,VBD,JJ,VBG,DT,NN,IN,IN,PRP,VBD,VBG,NN,IN,JJ,NN,CC,NN,NN,IN,PRP$",3
336,"IN,EX,VBZ,DT,JJ,NN,IN,DT,JJ,NN,WDT,VBZ,JJ,IN,PRP$,NN,PRP,VBZ,RB,VB,NNS,IN,VBG,PRP$,NNS,IN,DT,NN,RB,JJ,IN,IN,PRP$,JJ,NN,IN,CC,PRP,MD,VB,IN,CD,CC,CD,NNS,IN,PRP,TO,DT,NN,VBZ,IN,JJ,NN,TO,VB,JJ,TO,VB,PRP$,NN,JJ,VBZ,VB,JJ,RB,IN,CD",3
337,"DT,NN,IN,NNP,NNP,VBD,IN,DT,NN,NN,DT,JJ,PRP,VBZ,DT,JJS,NN,TO,VB,VBD,IN,NNP,NNP,IN,IN,CD,WRB,DT,NN,VBD,PRP,VBD,TO,NN,PRP,IN,TO,DT,VBG,IN,PRP,MD,VB,DT,NN,IN,DT,JJ,JJ,DT,NNP,IN,NNP,NNP,VBD,IN,PRP,VBD,IN,DT,NN,IN,DT,MD,VB,RB,VBN,IN,DT,IN,IN,NNS,MD,VB,DT,NN,IN,PRP,CC,WP,DT,NN",3
338,"IN,DT,NN,IN,PRP,VBZ,NNS,TO,VB,CD,DT,NN,IN,DT,NNP,NNP,NNP,MD,VB,IN,NN,TO,NN,CC,RB,VBG,DT,NN,NN,IN,DT,DT,NN,VBZ,RB,CD,NN,TO,DT,DT,JJ,NN,VBN,IN,DT,JJ,NNP,NNP,NN,NNP,NNP,VBZ,DT,NN,IN,NN,IN,IN,CD,PRP,VBD,DT,NN,TO,VB,DT,NN,DT,JJ,NNS,CC,RB,VBD,DT,NNS,RB,RB,TO,VB,DT,JJ,NNP,VBD,IN,NN,CC,NN,IN,DT,NNP,VBD,PRP,IN,DT,NN,IN",3
339,"DT,NNP,NN,VBD,NNP,NNS,VBD,TO,VB,NN,TO,NNP,NNP,NN,NNP,NNP,IN,DT,JJ,NN,IN,DT,NNS,VBD,NN,IN,DT,NN,IN,PRP,VBZ,DT,NN,WRB,DT,NN,PRP,VBD,IN,PRP,VBD,IN,DT,NNS,TO,VB,NN,VBZ,DT,JJ,NN,IN,DT,JJ,CC,IN,PRP,VBZ,PRP,MD,RB,VB,IN,DT,DT,NN,VBD,IN,DT,NNS,MD,VB,IN,DT,NN,IN,DT,NNP,POS,NN,TO,DT,JJ,NN",3
340,"IN,DT,JJ,NN,IN,DT,JJ,NN,VBD,DT,NN,DT,NN,IN,PRP$,NN,WRB,PRP,VBD,PRP,TO,PRP,RB,VBD,TO,VB,DT,NN,IN,DT,JJ,NN,VBD,IN,IN,NNP,NNP,VBD,NNS,VBD,IN,NN,IN,DT,NN,VBD,DT,NN,IN,JJ,DT,JJ,NN,VBD,DT,JJ,NN,IN,DT,NN,IN,VBD,DT,NN,IN,PRP$,NNS,VB,IN,DT,NN,VBN,NNP,NNP,MD,VB,VBN,DT,CC,PRP,VBD,IN,DT,NN,MD,VB,NNS,RB,TO,VB,DT,JJ,PRP,RB,MD,VB,RB,IN,PRP",3
341,"NNP,JJ,NNS,VBP,RB,CD,NNS,IN,DT,NN,IN,DT,NNP,CC,NNP,TO,VB,JJ,NNS,CC,TO,VB,PRP$,NN,IN,DT,DT,NNS,VBD,DT,NNP,NNP,NNP,IN,NNP,NNP,TO,CD,VBD,NNS,VBD,DT,NNS,WRB,PRP,VBD,PRP$,NNP,DT,NN,VBD,IN,DT,NN,VBD,RB,DT,NN,CC,DT,JJ,CC,PRP,VBD,JJ,NN,IN,JJ,NNS,CC,TO,VB,DT,NN,IN,JJ,NN,CC,IN,DT,NN,VBZ",3
342,"VBG,RP,IN,DT,VBZ,DT,NNP,NN,NN,IN,VBZ,DT,NNS,IN,DT,DT,NN,VBZ,DT,JJ,NN,NN,IN,JJ,NNS,RB,NNS,MD,VB,DT,IN,JJ,NNS,DT,DT,NNP,NNP,NNP,NNP,VBD,VB,DT,DT,NN,VBZ,IN,CD,NN,NNS,VBP,IN,DT,NN,IN,CD,TO,CD,NNS,IN,DT,CC,RB,DT,NN,VBZ,VBN,DT,JJ,IN,DT,NNS,VBP,VBN,JJ,CC,IN,DT,CD,VBZ,DT,NN,VBD,VBZ,PRP$",3
343,"JJ,NNP,VBD,JJ,NN,IN,IN,DT,JJ,NN,DT,NN,NN,VBD,IN,CD,NNS,IN,DT,JJ,NN,WDT,VBP,RB,JJ,IN,NN,IN,NNP,VBZ,JJ,TO,VB,IN,DT,NN,CC,VB,DT,DT,DT,NNP,NNPS,VBZ,VBG,DT,CD,NN,NNS,TO,VB,IN,CD,CD,NNS,IN,PRP,VBD,IN",3
344,"IN,NNS,VBD,DT,NN,NNP,IN,VBD,VBG,DT,NN,IN,DT,NN,VBN,NNS,VBD,NNP,IN,IN,PRP,MD,VB,PRP,RB,TO,DT,PRP,VBD,DT,NN,TO,NNP,NNP,WDT,VBZ,IN,CD,NNS,TO,DT,IN,DT,JJ,PRP,MD,VB,RB,CC,JJ,IN,DT,NN,IN,DT,NN,IN,NNP,VBZ,JJ,NNS,IN,NNS,VBP,IN,EX,VBP,RB,IN,CD,IN,PRP,IN,DT",3
345,"IN,DT,NN,VBN,NNP,NN,VBD,PRP$,NN,IN,DT,JJ,NN,CC,VBZ,RB,TO,CD,DT,NN,IN,PRP,VBZ,NNS,IN,DT,PRP$,NN,VBZ,VBN,RB,CC,IN,PRP$,PRP,VBD,CD,NNS,TO,VB,NNP,VBD,WDT,PRP,VBD,PRP,CD,NNS,TO,VB,PRP$,NN,CC,PRP,VBZ,WDT,PRP,MD,VB,NN,TO,CC,VB,PRP,VBD,WDT,PRP,VBZ,TO,VB,PRP$,NN,CC,VB,PRP$,JJ,IN,PRP,VBZ,PRP$,PRP,VBZ,DT,NNS,WDT,VBP,IN,DT,VBZ,IN,DT,NN,VBZ,RB,VBN,CC,IN,NNP,DT,NNS,IN,NNP,NNP,VBP,RB",3
346,"DT,NN,VBG,DT,NN,IN,DT,NN,IN,NNP,VBD,DT,NN,WRB,PRP,VBD,DT,NN,IN,DT,NN,VBD,PRP,IN,DT,JJ,CC,VBD,PRP$,NN,TO,NN,CC,NNS,VBD,NNS,TO,DT,NN,CC,VBD,DT,NN,NN,TO,DT,NNP,VBD,DT,NN,IN,PRP,VBP,JJ,CC,IN,DT,NNS,CC,DT,NN,VBZ,VBN,TO,VB,JJR,NN,IN,DT,JJ",3
347,"DT,NN,IN,NNP,VBD,PRP$,JJ,NN,NN,NN,IN,IN,DT,DT,NN,VBD,VBN,IN,NN,NN,IN,CD,IN,DT,NN,IN,PRP$,NNP,DT,NN,IN,DT,NN,VBD,TO,DT,NN,JJ,IN,DT,PRP,VBD,JJ,CC,VBD,DT,NN,TO,DT,NNS,IN,DT,NNS,PRP,VBD,IN,PRP,VBZ,DT,JJ,NN,DT,IN,NNP,CC,IN,DT,VBZ,DT,NN,WDT,PRP,VBZ,RB,VB,PRP,VBZ,CD,IN,DT,RBS,JJ,NNS,IN,PRP,VBD,TO,IN,DT,DT,JJ,NN,VBD,RBR,IN,DT,JJ,NN,IN,EX,VBZ,NN,IN,NNP",3
348,"DT,NN,VBN,NNP,VBD,PRP,TO,DT,JJS,VB,IN,CD,NNS,IN,DT,DT,VBD,DT,NNP,NNP,NNP,WP,VBD,PRP,DT,NNP,VBZ,DT,JJ,NN,WP,NNS,VBD,IN,DT,NN,IN,NNP,IN,CD,JJ,JJ,NN,CC,NN,NNP,NNP,VBD,IN,DT,NN,NN,VBD,DT,JJ,PRP,VBD,IN,NNP,VBD,RP,IN,DT,NN,NN,CC,PRP,VBZ,VBN,RP,TO,VB,JJ,CC,RB,DT,JJ,PRP,RB,VBD,TO,VB,IN,CD,NNS,TO,CD,NNS,JJ,IN,PRP,VBD,CD,NN,NNP,VBZ,RB,JJ,IN,PRP,VBD,DT,NN,IN,NNP,NNP,WDT,VBZ,IN,DT,NNP",3
349,"DT,NN,IN,JJ,NN,NN,VBD,PRP$,NN,IN,PRP$,NNS,VBD,PRP,TO,NN,IN,DT,NN,IN,NNP,CC,NNS,IN,DT,NN,MD,VB,DT,NN,TO,VB,PRP$,DT,NNS,VBP,VBD,DT,NN,IN,DT,NN,IN,DT,NNP,NNP,CC,IN,VBN,IN,DT,JJ,PRP,DT,VBD,TO,VB,RB,TO,DT,DT,IN,DT,CD,JJ,NNS,VBD,PRP$,NNS,IN,CC,CD,VBD,TO,DT,JJ,NN,CC,VBD,IN,TO,JJ,DT,JJ,CD,VBD,DT,JJ,NN,VBG,RP,DT,JJ,NN,IN,PRP",3
350,"DT,JJ,NN,VBD,VBN,RB,IN,DT,NN,IN,NN,CC,NNS,NN,IN,JJ,RB,RB,RB,MD,DT,NN,NN,NN,IN,JJ,CC,PRP$,NN,MD,RB,VB,DT,JJ,NN,IN,JJ,NNS,CC,NNS,VBD,DT,PRP,VBZ,VBN,IN,DT,NN,WDT,VBZ,DT,NNS,WDT,NNS,MD,VB,IN,NNS,WDT,RB,NNS,MD,DT,NN,RB,VBD,DT,NN,IN,NN,IN,DT,JJ,NN,NN,VBD,DT,NNP,NNP,DT,JJ,JJ,NN,VBD,DT,NN,NN,TO,DT,NN,IN,NNS,VBG,JJ,NNS,IN,NNS,WDT,RB,VBZ,DT",3
351,"DT,JJ,NN,CC,NN,VBZ,VBN,DT,JJ,NN,TO,VB,PRP$,CD,NNS,PRP,VBZ,PRP$,NN,IN,DT,NN,IN,DT,DT,NN,VBZ,JJ,IN,VBG,IN,PRP,VBZ,CC,VBZ,DT,JJ,DT,NN,VBZ,IN,DT,VBG,NN,VBZ,DT,RB,RBR,JJ,NN,IN,NN,VBN,IN,DT,NN,VBZ,VBN,IN,DT,WDT,VBZ,DT,NN,NN,VBN,IN,JJ,CC,DT,NN,VBZ,VBN,IN,NN,TO,VB,PRP,IN",3
352,"NNS,VBG,IN,DT,JJ,JJ,NNP,NN,VB,VBD,DT,NN,IN,PRP$,NNS,WRB,PRP,VBD,RB,VBN,IN,DT,JJ,JJ,CC,DT,NNP,NN,IN,DT,VBN,NN,NN,VBD,DT,NN,IN,DT,NN,VB,NN,NN,VBG,VBG,JJ,NN,TO,VB,VBN,IN,DT,JJ,DT,NN,VBD,DT,NNS,IN,DT,NNS,IN,NN,IN,DT,NN",3
353,"DT,NNP,NNP,NNP,VBZ,DT,CD,NN,NN,IN,VBZ,DT,NNS,IN,CD,NNS,IN,IN,DT,EX,VBZ,DT,NN,NN,IN,DT,JJ,CC,PRP,VBZ,DT,JJ,NN,TO,VB,NN,IN,CD,DT,NNS,VBP,VBG,IN,IN,DT,JJ,WDT,MD,VB,CC,PRP,VBZ,PRP$,CD,NN,VBD,IN,VBG,DT,NN,NNS,CC,IN,JJ,NN,VBZ,JJ,IN,PRP,VBZ,JJ,NN,DT,NN,IN,DT,NN,VBD,IN,DT,NN,VBZ,IN,VBG,DT,NNP,NN,VBN,CC,VBG,NN,IN,DT,NN,IN,CD,JJ,NNP,NNS,VBP,RB,IN,DT,CD,NN,VBD,IN,PRP,VBZ,VBG,IN,DT,NN,IN,NN,CC,NN,VBN,RB,TO,VB,NN,CC,DT",3
354,"WP,VBZ,DT,JJ,NN,NN,IN,JJ,NNP,VBD,VBG,DT,NN,IN,NNP,IN,NN,IN,DT,NN,NN,CC,VBD,IN,DT,PRP,VBD,PRP$,NN,IN,DT,JJ,VBG,IN,PRP,VBD,IN,PRP,VBD,VBG,TO,VB,IN,VBG,PRP$,NN,CC,CD,CC,PRP,VBD,TO,VB,RP,DT,PRP,VBD,PRP,CD,VBG,RB,DT,NN,CC,DT,CD,TO,VB,PRP$,WRB,PRP,VBD,DT,NN,IN,NNS,VBD,PRP,DT,JJ",3
355,"DT,JJ,NN,WP,VBD,DT,NN,IN,DT,NN,IN,CD,VBD,CD,CD,IN,NN,PRP,CC,PRP$,NN,VBD,VBG,DT,PRP,VBD,JJ,IN,EX,VBD,NNS,IN,DT,NN,WRB,PRP,VBD,PRP,VBD,NN,DT,NN,VBD,DT,DT,NN,VBD,DT,NNS,RB,IN,NN,CC,VBD,PRP,DT,NNS,VBP,IN,DT,NN,VBD,RB,VBN,IN,NNP,NNS,WRB,PRP,VBD,NNP,IN",3
356,"IN,NNP,NNS,VBD,IN,DT,JJ,NN,VBN,IN,CD,IN,NNP,JJ,DT,VBD,DT,NN,TO,DT,NN,NNS,WDT,VBD,JJ,NNP,NN,VBZ,VBN,JJ,IN,NNP,NNP,NNS,VBD,IN,DT,NNS,VBD,VBN,IN,NNP,PRP,VBD,IN,PRP,IN,PRP,VBD,RB,TO,VB,DT,NN,IN,DT,PRP,VBD,TO,VB,IN,CD,IN,DT,NNS,VBD,IN,DT,VBD,CD,JJR,NN,VBN,IN,DT,JJ,DT,NN,IN,NNP,VBD,WP,NNP,NNP,VBZ,JJ,JJ,NNPS,VBD,DT,NN,IN,NN,IN,DT,NN,MD,VB,NNP,NN,IN,DT,JJ,NNP,CD,NN,VBD,IN,PRP,VBZ,IN,DT,NNP,NNPS,RB,VBD,DT,NN,IN,NN,CC,TO,VB,DT,JJ",3
357,"DT,NN,VBD,VBG,DT,NN,IN,JJ,NNP,WRB,CD,NNS,VBD,DT,NNS,IN,JJ,PRP,VBD,TO,VB,DT,NN,CC,VBD,IN,DT,JJ,IN,PRP,VBD,VB,DT,JJ,PRP,VBD,JJ,TO,VB,RB,CC,VBZ,IN,IN,VBG,IN,DT,NNS,VBD,JJ,DT,NN,VBD",3
358,"DT,NN,IN,NNP,VBD,VBG,TO,VB,RP,PRP$,NN,WRB,PRP,RB,VBD,DT,NN,CC,VBD,VBN,PRP,VBD,RB,VBN,DT,NN,NN,CC,VBD,DT,NN,NN,TO,JJ,IN,PRP,VBD,IN,DT,DT,JJ,NN,VBD,TO,VB,DT,NNP,DT,NN,IN,DT,NN,VBD,PRP,CC,VBD,DT,NN,NN,VBD,TO,VB,DT,NN,IN,DT,NN,VBP,DT,NN,CC,VB,DT,DT,NN,VBD,TO,VB,RB,RB,CC,VBD,VBN,TO",3
359,"NNS,IN,NNS,VBP,VBN,VBG,DT,NNS,IN,VBD,CD,NNS,IN,IN,NNP,PRP,VBP,VBG,DT,NN,VBG,TO,VBG,JJ,NN,IN,DT,NN,IN,DT,DT,VBG,NN,VBD,IN,DT,NNS,VBD,VBG,IN,NN,CC,NN,IN,DT,NN,IN,DT,NN,IN,NNS,VBP,NN,IN,PRP,CC,VB,JJ,NNS,VBD,DT,NNP,IN,DT,NNP,TO,VB,PRP$,NN,CC,VBD,JJ,IN,PRP,VBD,IN,PRP,MD,VB,PRP,VB,JJ,NN,IN,DT",3
360,"DT,NN,NN,VBD,IN,DT,JJ,NN,NN,NN,IN,VBG,IN,DT,JJ,NN,IN,NNP,WRB,NNP,NN,IN,JJ,NN,VBD,DT,NN,IN,DT,JJ,NN,CC,VBD,PRP,VBG,CD,NNS,CC,VBG,IN,JJS,CD,DT,NN,VBD,NN,IN,IN,NN,WRB,NNS,CC,NNS,VBP,JJ,IN,NNS,VBG,PRP$,DT,NNP,NNP,WDT,VBZ,NNP,NNP,NN,TO,VB,VBD,NN,IN,DT,NN,VBG,DT,NN,NN,VBD,DT,NN,IN,NNP,NNS,VBP,RB,VBG,DT,NNS,IN,IN,PRP$,NN,IN,NNP,IN,DT,NN,IN",3
361,"NNS,IN,NNP,MD,RB,NN,DT,NN,IN,DT,JJ,NNP,NNS,CC,DT,NNP,VBG,DT,NN,JJR,JJ,IN,IN,DT,NNS,VBP,DT,JJ,NN,TO,VB,JJR,IN,DT,JJ,JJ,CD,CC,DT,NNP,NNP,NN,VBD,RB,TO,CD,CD",3
362,"DT,NN,NN,IN,NNP,VBD,RB,TO,DT,JJ,NN,JJ,NN,IN,DT,NN,VBD,DT,IN,DT,RB,JJ,NNP,DT,NN,IN,DT,NN,VBZ,VBN,VBG,DT,NN,IN,NN,TO,DT,NN,IN,PRP,VBD,IN,DT,NN,CC,RB,DT,JJ,NN,VBD,JJ,DT,NN,CC,VBD,NN,IN,DT,DT,NN,VBD,PRP,IN,VBG,DT,NN,IN,DT,NN,NN,CC,VBG,IN,VBG,RP,DT,NN,IN,NNS,IN,DT,NN,CC,VBG,RP,IN,DT,VBG,DT,NN,NN,IN,NN,IN,PRP$,DT,JJ,NN,VBN,TO,NN,DT,NN,DT,NN,IN,NN,IN,DT,CC,DT,NN,RB,VBD,PRP$,NNS,VBN,JJ,CC,VBD,DT,VBG,IN,DT,NN,IN,IN,CD,WDT,VBZ,IN,CD,JJ,NNP,NN,VBD,IN,PRP,VBD,VBN,DT,NN,VBG,IN,CC,DT,NN,VB,RBR,JJ,IN,PRP,VBZ,RB",3
363,"IN,NNP,NNP,CC,IN,DT,NN,VBD,RP,DT,NN,NN,TO,VB,NNS,IN,DT,NN,IN,DT,JJ,NN,NN,VBD,DT,NN,TO,DT,NN,CC,VBD,IN,PRP,VBD,JJ,DT,NN,VBD,IN,DT,NNS,IN,DT,NN,VBD,IN,PRP,VBD,CC,VBD,PRP,VB,DT,IN,DT,JJS,NNS,IN,JJ,JJ,RB,NNS,VBD,RP,IN,DT,NN,VBD,VBN,TO,VB,JJ,CC,RB,PRP,VBD,NN,IN,DT,NN,NN,IN,DT,JJ,NN,VBN,NNP,WP,VBD,VBN,CD,NNS,VBG,VBD,VBN,IN,DT,NN,VBD,CC,VBD,IN,PRP,VBD,IN,DT,JJ,NNS,IN,PRP$,NNS,VBD,DT,DT,JJ,NN,VBD,DT,JJ,NN,IN,DT,JJ",3
364,"DT,NN,VBN,NNP,VBD,JJ,CC,NNS,VBD,VBN,IN,PRP$,IN,PRP,VBD,PRP,IN,DT,NN,CC,VBD,PRP,PRP$,NN,VBD,IN,NN,VBD,JJ,IN,PRP$,NN,VBD,VBG,JJ,NNS,JJ,IN,VBG,VBG,CC,NNP,VBD,DT,NN,IN,DT,NN,IN,PRP$,NN,IN,PRP$,NN,CC,VBD,PRP,IN,DT,IN,PRP$,PRP$,NN,VBD,DT,NN,IN,PRP$,NN,CC,VBD,PRP,TO,DT,NNS,TO,VB,PRP$,NNS,NNPS,VBD,DT,NN,JJ,CC,VBD,IN,NNP,VBD,DT,JJ,NN,PRP,VBD,NN,CC,PRP,VBZ,RB,VBG,IN",3
365,"NNP,NNP,VBZ,VBN,VBN,IN,DT,JJ,NNP,IN,NNP,IN,DT,NNP,VBG,DT,JJS,NN,IN,DT,NN,IN,DT,NN,IN,IN,CD,CC,NN,NNS,VBN,IN,DT,NN,IN,PRP$,NN,NNP,VBD,IN,PRP,MD,VB,NN,CC,VBG,DT,PRP,VBD,NNS,IN,NNP,FW",3
366,"NNS,IN,IN,DT,NN,VBN,IN,DT,NN,IN,NNP,IN,NNP,TO,VB,NN,IN,DT,NN,NN,IN,NNS,VBG,NN,IN,NNP,CC,RB,DT,NN,VBZ,VBN,IN,PRP,VBD,RB,VBN,CD,NNS,RB,IN,CD,NNS,CC,RB,TO,CD,NNS,VBG,DT,NN,WP,VBZ,NN,IN,DT,NN,IN,NNS,VBG,DT,NNP,CC,NNP,VBD,IN,PRP,MD,RB,VB,CC,PRP,VBZ,RB,RB,VB,TO,VB,TO,DT,NN,IN,NN,TO,VB,RB,VBG,IN,DT,NN,VBZ,NN,JJ,TO,DT,JJ,NN,NN,NN,VBN,VBG,DT,JJS,IN,DT,NN,NN,IN,EX,VBZ,RB,DT",3
367,"JJ,NNP,NNP,MD,RB,VB,IN,PRP,VBZ,DT,JJS,NN,IN,DT,IN,PRP$,NN,VBZ,CD,NNS,PRP,VBD,DT,JJ,NN,NN,NN,NNP,NNP,IN,DT,NNP,VBZ,IN,PRP$,NN,VBZ,JJ,IN,JJ,NNS,JJ,IN,VBG,VBG,NN,NN,CC,VBG,VBG,IN,DT,NN,IN,DT,NNS,VBP,PRP$,NN,PRP,VBZ,IN,WRB,PRP,VBZ,NN,PRP,VBZ,VBN,IN,VBG,DT,JJS,NN,IN,DT,IN,PRP,VBZ,IN,PRP,VBZ,TO,VB,PRP,RP,IN,DT,VBZ,DT,NNS,IN,DT,JJ,RB,JJ,NN,VBZ,CD,DT,RBS,JJ,JJ,NNS,TO,VB,VBN,PRP,IN,DT,JJ,JJ,NN,IN,DT,NNP,NNP,IN,NNP",3
368,"JJ,NNP,NNP,IN,DT,NNP,VBD,NN,IN,CD,IN,VBG,JJ,TO,CC,PRP,RB,VBD,NN,TO,VB,TO,VB,IN,PRP,VBD,TO,VB,IN,PRP$,JJ,IN,NN,IN,DT,CD,CC,PRP,VBD,VBN,TO,VB,IN,VBG,DT,NN,WRB,PRP$,NNS,NNP,VBD,IN,PRP,VBD,VBN,RP,CC,VBD,RB,JJ,VBG,JJ,NNS,VB,DT,NNS,CC,DT,NN,CC,VBD,IN,PRP,VBD,NN,TO,RB,VB,TO,PRP,VBZ,VBG,NN,CC,VBZ,IN,PRP,MD,VB,JJ,NNS,TO",3
369,"NNS,IN,NNP,VBD,TO,DT,NNS,IN,NN,IN,NN,CC,VBD,DT,NN,IN,NNP,NNP,NNS,VBP,IN,DT,NN,VBZ,DT,JJS,JJ,NN,IN,NN,NNS,VBP,IN,NNP,RB,VBZ,JJR,NNS,IN,DT,JJ,NNP,VBD,NNS,VBG,NNP,DT,NN,NN,WP,VBD,IN,DT,JJ",3
370,"DT,NN,IN,JJ,NN,NN,NN,IN,NN,VBZ,VBN,VBN,IN,DT,NN,VBD,VBN,TO,JJ,NNP,IN,DT,NNP,NNP,NN,IN,NNP,NNP,VBD,DT,NN,IN,PRP$,NN,NN,NN,JJ,PRP,VBD,IN,DT,NN,WDT,VBD,NNS,IN,NN,IN,FW,NN,IN,NNP,NNS,NNS,VBP,TO,VB,DT,FW,IN,DT,JJ",3
371,"IN,VBG,PRP,IN,NN,NN,VBD,RP,IN,DT,RB,JJ,JJ,NN,VBN,CD,VBZ,VBN,VBN,IN,DT,JJ,PRP,VBZ,VBN,VBN,TO,VB,NN,CC,DT,JJ,NN,VBD,IN,DT,NN,IN,JJ,VBD,DT,NN,IN,JJ,NN,RB,RB,VBG,JJ,NN,CC,RB,NN,IN,DT,JJ,CD,DT,NN,VBZ,CD,NNS,DT,JJ,NN,IN,PRP$",3
372,"DT,JJ,NNP,NNP,VBD,DT,JJ,NN,IN,CD,IN,DT,NN,VBG,VBN,DT,NN,VBD,VBG,IN,DT,NN,IN,NNS,VBN,IN,DT,NNP,DT,NN,WRB,DT,VBD,VBZ,IN,CD,CD,JJ,NNS,RB,IN,PRP,VBZ,NNS,NNS,TO,VB,DT,JJ,NNS,VBN,IN,DT,JJ,NNP,WDT,VBZ,VBN,VBG,NNS,IN,NN,IN,PRP,VBD,IN",3
373,"NNS,IN,NNS,IN,DT,JJ,NN,NNP,NNP,VBD,IN,DT,NN,MD,VB,IN,DT,NN,VBZ,IN,DT,JJ,NN,IN,PRP,VBZ,NN,PRP,RB,VBD,NNS,IN,DT,NN,IN,PRP$,NN,CC,NNS,WDT,PRP,RB,DT,VBZ,DT,NN,IN,PRP,VBD,VBN,TO,VB,IN,IN,DT,DT,NN,VBD,TO,PRP$,NNS,IN,VBG,TO,DT,IN,EX,VBD,JJ,NNS,IN,DT,PRP,VBZ,RB,RB,JJ,IN,PRP,MD,VB,IN,DT,JJ",3
